OPEN_DATE,STATUS_NAME,DEPOSIT_NUMBER,MAIN_CUSTOMER_NUMBER,MAIN_CUSTOMER_NATIONAL_CODE,MAIN_CUSTOMER_NAME,IS_REAL,LAST_DATE,FIRST_DATE,DEPOSIT_TYPE_ID,SCORE_MONTH_TRUNC
1403/04/28,بسته,3120081362235,25863960,943139910,مريم علي فخرآبادي,1,1405/03/28,1405/02/29,417070386234,0
1403/03/28,باز,3120078326158,41087668,1972220500,هادي كريمي ارپناهي,1,1405/03/28,1405/02/29,417070386234,169863
1403/03/28,باز,3120078423145,6575617,1199402281,محمدصادق شفيعي,1,1405/03/28,1405/02/29,417070386234,22727
1403/04/28,باز,3120081468379,13406205,3800741164,ماه منير مرادحاصلي,1,1405/03/28,1405/02/29,417070386234,5274801
1403/04/28,باز,3120081368031,26851532,2994078740,سجاد طهماسبي كوهپايه,1,1405/03/28,1405/02/29,417070386234,0
1403/04/28,باز,3120081366307,8527517,450853561,عبدالمطلب رحيمي,1,1405/03/28,1405/02/29,417070386234,4995
1403/03/28,باز,3120078327083,44709841,1718768451,اميرعلي غفاري,1,1405/03/28,1405/02/29,417070386234,305515
1403/03/28,باز,3120078373493,32501365,6489618486,پويان نصيري,1,1405/03/28,1405/02/29,417070386234,229000
1403/03/28,باز,3120078326501,5582773,1063535182,زكيه فدائيان,1,1405/03/28,1405/02/29,417070386234,0
1403/03/28,باز,3120078373257,57825160,311695981,ابوالفضل بيگدلي,1,1405/03/28,1405/02/29,417070386234,849315
1403/03/28,باز,3120078373121,35619882,910153353,محمدرضا قدبي بهابادي,1,1405/03/28,1405/02/29,417070386234,0
1403/03/28,بسته,3120078424081,21614795,3501211325,محمد بابلي,1,1405/03/28,1405/02/29,417070386234,0
1403/03/28,باز,3120078465974,4586956,3932846575,حسين زندبگله,1,1405/03/28,1405/02/29,417070386234,0
1403/04/28,باز,3120081611038,15109311,640929753,محمد رضائي,1,1405/03/28,1405/02/29,417070386234,96220
1403/03/28,باز,3120078469457,24985263,936771003,ليلا احمديان فرد,1,1405/03/28,1405/02/29,417070386234,6169
1403/03/28,باز,3120078327517,11833627,2596119455,الياس دهقان گالش خيلي,1,1405/03/28,1405/02/29,417070386234,0
1403/03/28,باز,3120078468861,46188109,4610606380,مرضيه قاسمي چالشتري,1,1405/03/28,1405/02/29,417070386234,0
1403/04/28,باز,3120081468720,57422393,2296231128,جواد عفيفي خانه زنياني,1,1405/03/28,1405/02/29,417070386234,964
1403/03/28,باز,3120078466168,51426706,1819939091,جهاد مجدم,1,1405/03/28,1405/02/29,417070386234,117630
1403/04/28,باز,3120081467172,34747514,2860671919,سپهر افراز,1,1405/03/28,1405/02/29,417070386234,48428
1403/04/28,باز,3120081369843,34862509,3255478480,احسان كامكار,1,1405/03/28,1405/02/29,417070386234,23746
1403/03/28,باز,3120078425392,48145025,3873505258,محمدرضا پلمه,1,1405/03/28,1405/02/29,417070386234,3397260
1403/04/28,باز,3120081366329,14000696,4421428167,سيدسپهر حداديان,1,1405/03/28,1405/02/29,417070386234,12374740
1403/04/28,باز,3120081366967,8207422,4539865188,علي عربي,1,1405/03/28,1405/02/29,417070386234,0
1403/04/28,باز,3120081465389,37552738,2742144595,محمدمهدي عظيمي,1,1405/03/28,1405/02/29,417070386234,256539
1403/04/28,باز,3120081368543,52862376,3732502856,طيفور نادري,1,1405/03/28,1405/02/29,417070386234,16614
1403/03/28,باز,3120078327643,4008111,1741481740,قاسم بروايه,1,1405/03/28,1405/02/29,417070386234,46977
1403/04/28,باز,3120081467617,37405845,2296100074,فريدون جعفري,1,1405/03/28,1405/02/29,417070386234,73558317
1403/04/28,باز,3120081611595,31347631,1290690537,مهدي نظري,1,1405/03/28,1405/02/29,417070386234,0
1403/03/28,باز,3120078469136,39283101,19422083,حسين خوشنويسان,1,1405/03/28,1405/02/29,417070386234,26829
1403/03/28,بسته,3120078326103,21029218,1293539988,جواد شجاعي,1,1405/03/28,1405/02/29,417070386234,0
1403/04/28,باز,3120081362279,57322111,5829948060,اصغر سرخي,1,1405/03/28,1405/02/29,417070386234,0
1403/04/28,باز,3120081469680,36379274,2500261301,رضا رفيعي نسب,1,1405/03/28,1405/02/29,417070386234,47561
1403/03/28,باز,3120078467550,33564101,4890254511,فريبرز اميني,1,1405/03/28,1405/02/29,417070386234,87479
1403/03/28,باز,3120078469435,39142959,2210180716,سيداحمد معافي مدني,1,1405/03/28,1405/02/29,417070386234,830630
1403/03/28,باز,3120078327131,56367946,3341360298,مهران كاوسي,1,1405/03/28,1405/02/29,417070386234,21246
1403/03/28,باز,3120078424685,44117373,20644132,علي يوسفي راد,1,1405/03/28,1405/02/29,417070386234,48946
1403/03/28,باز,3120078469059,59225725,45875855,مجيد حيدري دولابي,1,1405/03/28,1405/02/29,417070386234,0
1403/04/28,باز,3120081464104,50938399,1382329849,فريناز حسيني پرغم,1,1405/03/28,1405/02/29,417070386234,0
1403/04/28,باز,3120081462108,5744456,84411015,امين مسكن طلب,1,1405/03/28,1405/02/29,417070386234,3085336
1403/03/28,باز,3120078468695,43700610,943430240,رضا حدادزاده,1,1405/03/28,1405/02/29,417070386234,0
1403/03/28,باز,3120078465918,7899174,1218832746,عليرضا فياضي,1,1405/03/28,1405/02/29,417070386234,139803
1403/03/28,باز,3120078467347,31212610,57264392,امير صدوقي,1,1405/03/28,1405/02/29,417070386234,0
1403/03/28,باز,3120078469321,18634062,6359791404,مرواريد اسماعيلي مقدم,1,1405/03/28,1405/02/29,417070386234,127442287
1403/03/28,باز,3120078424819,33485488,1461198021,جعفر شاه محمدزاده,1,1405/03/28,1405/02/29,417070386234,0
1403/04/28,باز,3120081467709,10845674,5489918799,احسان علي پور,1,1405/03/28,1405/02/29,417070386234,0
1403/03/28,باز,3120078467664,45915917,3100223616,علي پورعزيزي برواتي,1,1405/03/28,1405/02/29,417070386234,510543
1403/04/28,باز,3120081369561,46101439,2939074607,احمد پاياب,1,1405/03/28,1405/02/29,417070386234,47561
1403/03/28,باز,3120078424092,25639374,2480284972,سعيده كريمي,1,1405/03/28,1405/02/29,417070386234,118904
1403/03/28,باز,3120078499450,13369799,18997945,نگار مسعودي,1,1405/03/28,1405/02/29,417070386234,0
1403/04/28,باز,3120081464056,1685368,3580398921,فاطمه سپاهي,1,1405/03/28,1405/02/29,417070386234,450952
1403/03/28,باز,3120078327698,31145132,690767048,محمدجواد عابديني,1,1405/03/28,1405/02/29,417070386234,1992724
1403/03/28,باز,3120078468872,3466825,5649657467,مجتبي ايرواني,1,1405/03/28,1405/02/29,417070386234,14717
1403/03/28,باز,3120078466809,57241932,3622015403,مهديه مؤمني,1,1405/03/28,1405/02/29,417070386234,0
1403/03/28,باز,3120078422601,38462405,3859633104,بهروز آسپهريان,1,1405/03/28,1405/02/29,417070386234,135621
1403/04/28,باز,3120081467024,42430599,1200231767,فاطمه قاسمي,1,1405/03/28,1405/02/29,417070386234,84931
1403/03/28,باز,3120078374154,14511159,5160071563,فاطمه قاسمي خانقاه بر,1,1405/03/28,1405/02/29,417070386234,29381
1403/04/28,باز,3120081469934,26260705,18959113,مهران كلانتري,1,1405/03/28,1405/02/29,417070386234,0
1403/04/28,باز,3120081362880,15225383,24910821,اميررضا رضائي,1,1405/03/28,1405/02/29,417070386234,15596
1403/03/28,باز,3120078374759,26819223,1757129553,محمدصادق يزداني,1,1405/03/28,1405/02/29,417070386234,121995
1403/04/28,باز,3120081467570,1606154,2570311863,مهدي زارعي,1,1405/03/28,1405/02/29,417070386234,17975406
1403/03/28,باز,3120078375367,19669336,70785023,اميد عسكري شمس نژاد,1,1405/03/28,1405/02/29,417070386234,2174
1403/03/28,باز,3120078423583,47143592,3330090170,امير شکرانه ارزنقي,1,1405/03/28,1405/02/29,417070386234,271
1403/03/28,باز,3120078422825,5380176,1272244768,اميرحسين جعفري ينگ آبادي,1,1405/03/28,1405/02/29,417070386234,0
1403/03/28,باز,3120078327687,26153199,1289216150,ساره صابري سهرفروزاني,1,1405/03/28,1405/02/29,417070386234,0
1403/04/28,باز,3120081467765,12560726,2851794795,سعيد عبادي يالقوزآغاجي,1,1405/03/28,1405/02/29,417070386234,252979
1403/04/28,باز,3120081363498,32468405,1209099977,سيده خديجه داودي,1,1405/03/28,1405/02/29,417070386234,0
1403/04/28,باز,3120081369319,13029926,2372275585,نجمه رستمي,1,1405/03/28,1405/02/29,417070386234,0
1403/04/28,باز,3120081466292,21825503,6219537254,صديقه خليلي,1,1405/03/28,1405/02/29,417070386234,2840
1403/04/28,باز,3120081467547,36618452,2420275659,محمدهادي زارع,1,1405/03/28,1405/02/29,417070386234,0
1403/04/28,باز,3120081369583,8508300,4431311092,ربابه بناءزآده,1,1405/03/28,1405/02/29,417070386234,0
1403/03/28,باز,3120078327845,6009578,67844944,حميد تقوي,1,1405/03/28,1405/02/29,417070386234,16689
1403/04/28,باز,3120081468237,302217,1209635127,عفت علمداريان ابرقوئي,1,1405/03/28,1405/02/29,417070386234,1119799
1403/03/28,باز,3120078425156,58863776,1741497302,عارف كعب نژاديان فرخ,1,1405/03/28,1405/02/29,417070386234,0
1403/04/28,باز,3120081363896,59504139,4271098108,مهدي حسني,1,1405/03/28,1405/02/29,417070386234,0
1403/03/28,باز,3120078376836,20412902,5710055883,زهرا چگيني راد,1,1405/03/28,1405/02/29,417070386234,316241
1403/04/28,باز,3120081362291,51600907,1580333664,محمدحسين هاشمي,1,1405/03/28,1405/02/29,417070386234,129859
1403/03/28,باز,3120078326413,2108482,492750777,فريبا حسني,1,1405/03/28,1405/02/29,417070386234,0
1403/03/28,باز,3120078327506,4186128,3839587913,هيوا محمدي,1,1405/03/28,1405/02/29,417070386234,2286
1403/03/28,باز,3120078374236,8833114,690718977,سجاد صابري دروكي,1,1405/03/28,1405/02/29,417070386234,143277
1403/04/28,باز,3120081370832,47438922,2291863010,زهرا كريمي,1,1405/03/28,1405/02/29,417070386234,16926260
1403/04/28,باز,3120081463132,27425640,769662668,مجتبي نصري,1,1405/03/28,1405/02/29,417070386234,534442
1403/03/28,باز,3120078421787,57208581,371028991,محمد فروغي منش,1,1405/03/28,1405/02/29,417070386234,4790
1403/04/28,باز,3120081370298,30540548,18224253,مجيد اسدي,1,1405/03/28,1405/02/29,417070386234,6345
1403/03/28,باز,3120078424886,40689128,371202612,سجاد محمدي,1,1405/03/28,1405/02/29,417070386234,0
1403/03/28,باز,3120078373574,52188988,65258592,حسن افراشته كهروئي,1,1405/03/28,1405/02/29,417070386234,1791
1403/03/28,باز,3120078376290,25282805,4679698969,شكوفه احمدي,1,1405/03/28,1405/02/29,417070386234,1252739
1403/03/28,باز,3120078424808,45072754,1680138812,جليل فرج اللهي آلقو,1,1405/03/28,1405/02/29,417070386234,128423
1403/04/28,باز,3120081464708,728309,5629920650,محمود سلطاني,1,1405/03/28,1405/02/29,417070386234,2604800
1403/03/28,باز,3120078422645,56781850,1602654107,سالار رمضاني ذوالبين,1,1405/03/28,1405/02/29,417070386234,0
1403/03/28,باز,3120078326284,48282254,3241776611,پگاه افشاري,1,1405/03/28,1405/02/29,417070386234,849
1403/04/28,باز,3120081469956,20072108,1820556751,ابوالفضل حزبئي,1,1405/03/28,1405/02/29,417070386234,13344
1403/03/28,مسدودي بدهکار,3120078467914,9055205,3660322237,مهلا دانش يار,1,1405/03/28,1405/02/29,417070386234,81534
1403/03/28,باز,3120078468566,30121416,321755227,پوريا سلامي,1,1405/03/28,1405/02/29,417070386234,38244225
1403/04/28,باز,3120081465084,4397720,4489254903,اعظم امامي ميبدي,1,1405/03/28,1405/02/29,417070386234,1441797
1403/03/28,باز,3120078469354,9172252,1272359042,محسن قاسمي,1,1405/03/28,1405/02/29,417070386234,0
1403/04/28,باز,3120081469101,15146161,311367925,مريم قره داغي,1,1405/03/28,1405/02/29,417070386234,101299
1403/04/28,باز,3120081370276,45832480,6660002529,اميرحسام صالحي,1,1405/03/28,1405/02/29,417070386234,0
1403/04/28,باز,3120081611363,40587497,46758933,مهناز كريمي تفتي,1,1405/03/28,1405/02/29,417070386234,0
1403/03/28,باز,3120078467583,56994471,82675661,نادر اورخاني,1,1405/03/28,1405/02/29,417070386234,8261670
1403/03/28,باز,3120078424195,50581903,942523751,سيدمهدي ميرزائي تبادكان,1,1405/03/28,1405/02/29,417070386234,0
1403/03/28,باز,3120078327609,21092698,1672249651,غلام سرداري,1,1405/03/28,1405/02/29,417070386234,0
1403/03/28,باز,3120078499461,59154777,2889844927,هيمن ايرانمنش,1,1405/03/28,1405/02/29,417070386234,32273
1403/03/28,باز,3120078467958,39482536,3873434601,امير شيرازيان,1,1405/03/28,1405/02/29,417070386234,0
1403/03/28,باز,3120078423967,34236223,6770039311,شهريار فرج زاده چوپلو,1,1405/03/28,1405/02/29,417070386234,318316
1403/04/28,باز,3120081368156,7815738,829846638,حامد توكلي,1,1405/03/28,1405/02/29,417070386234,497800
1403/04/28,باز,3120081470172,14052106,2452321941,كاوس عوض پورهيبت لو,1,1405/03/28,1405/02/29,417070386234,0
1403/03/28,باز,3120078423330,45208838,4621427563,يداله نجات دهكردي,1,1405/03/28,1405/02/29,417070386234,11198060
1403/03/28,باز,3120078327072,40235962,2280497409,حسن آقابيگي,1,1405/03/28,1405/02/29,417070386234,31206
1403/03/28,باز,3120078373530,28231137,933968868,محسن سپهري اصل,1,1405/03/28,1405/02/29,417070386234,36060
1403/03/28,باز,3120078374704,11671529,3673629387,محبوبه گنجعلي,1,1405/03/28,1405/02/29,417070386234,0
1403/04/28,باز,3120081366259,45528430,6099977856,سيده امينه احمدي,1,1405/03/28,1405/02/29,417070386234,0
1403/04/28,باز,3120081462344,10668842,5499759553,نصراله اسماعيلي گنهراني,1,1405/03/28,1405/02/29,417070386234,34777
1403/03/28,باز,3120078376380,38554772,5489873541,مهدي رضائي,1,1405/03/28,1405/02/29,417070386234,52649
1403/04/28,باز,3120081364297,20145279,82331901,ليلا ملكي كيچي,1,1405/03/28,1405/02/29,417070386234,100148
1403/04/28,باز,3120081467581,54551746,4432339500,مهدي كريمي زارچي,1,1405/03/28,1405/02/29,417070386234,0
1403/03/28,باز,3120078468360,13797725,452661706,ذبيح اله فاضلي,1,1405/03/28,1405/02/29,417070386234,0
1403/03/28,باز,3120078466603,59338581,4440015263,وحيد طحان زاده اردكاني,1,1405/03/28,1405/02/29,417070386234,29956179
1403/03/28,باز,3120078327791,39161164,78521351,مهناز پناهي آزاد,1,1405/03/28,1405/02/29,417070386234,0
1403/04/28,باز,3120081466579,13266283,1751419282,فرزانه وشاحي,1,1405/03/28,1405/02/29,417070386234,0
1403/03/28,باز,3120078469170,9780176,5380104223,مريم ميرزائي,1,1405/03/28,1405/02/29,417070386234,7204760
1403/03/28,باز,3120078374476,21015326,1911414348,محمد قلعه تلي,1,1405/03/28,1405/02/29,417070386234,7706183
1403/04/28,باز,3120081367979,36476165,2297685181,مهدي نيكوكار,1,1405/03/28,1405/02/29,417070386234,0
1403/04/28,باز,3120081466900,10756854,2840127946,صابر سواري,1,1405/03/28,1405/02/29,417070386234,302864
1403/03/28,باز,3120078467712,57975075,5809945570,مصطفي رجبي,1,1405/03/28,1405/02/29,417070386234,25626
1403/03/28,باز,3120078422795,528880,610015710,مينا بيگي,1,1405/03/28,1405/02/29,417070386234,19725
1403/03/28,باز,3120078327425,54409522,945651244,محمد رحماني كاهو,1,1405/03/28,1405/02/29,417070386234,0
1403/03/28,بسته,3120078422052,35683557,5190096815,محمود قوجاپور,1,1405/03/28,1405/02/29,417070386234,0
1403/04/28,باز,3120081463305,21949229,5469946606,هاجرالسادات موسوي,1,1405/03/28,1405/02/29,417070386234,509589
1403/03/28,باز,3120078467619,22531580,2560044447,مليحه رشيدي كوچي,1,1405/03/28,1405/02/29,417070386234,0
1403/04/28,باز,3120081461989,31347631,1290690537,مهدي نظري,1,1405/03/28,1405/02/29,417070386234,2154383
1403/03/28,باز,3120078466375,4983974,946332355,فاطمه غلامي,1,1405/03/28,1405/02/29,417070386234,0
1403/03/28,باز,3120078424700,40034930,2130794564,پارسا رينهء,1,1405/03/28,1405/02/29,417070386234,0
1403/03/28,باز,3120078327351,35446783,4879323896,فاطمه سلحشورزاده,1,1405/03/28,1405/02/29,417070386234,0
1403/03/28,باز,3120078468894,23641482,2929129514,ياسين ابراهيم زاده,1,1405/03/28,1405/02/29,417070386234,12536
1403/03/28,باز,3120078424722,56329920,2593340460,سيدحسن مومني نوحداني,1,1405/03/28,1405/02/29,417070386234,0
1403/04/28,باز,3120081366990,15432351,2283729238,سيداميررضا هاشمي,1,1405/03/28,1405/02/29,417070386234,2496
1403/03/28,باز,3120078423226,31252307,4284313339,حسن شاهبازي,1,1405/03/28,1405/02/29,417070386234,0
1403/03/28,باز,3120078423945,43388888,2380324980,ساسان رضائيان,1,1405/03/28,1405/02/29,417070386234,339726
1403/03/28,باز,3120078373701,44522420,1988995191,صابر عبياتي,1,1405/03/28,1405/02/29,417070386234,0
1403/04/28,باز,3120081367766,10858523,6259746024,مريم فارسي,1,1405/03/28,1405/02/29,417070386234,339726
1403/03/28,باز,3120078376166,21505383,5249176641,يحيي جمالي,1,1405/03/28,1405/02/29,417070386234,59566378
1403/03/28,باز,3120078376793,34443421,65352394,مهران افتخارپور,1,1405/03/28,1405/02/29,417070386234,367631
1403/03/28,باز,3120078467299,18273672,56443021,قاسم ديانت پور,1,1405/03/28,1405/02/29,417070386234,0
1403/04/28,باز,3120081462856,44685896,3539844449,عبدالحسين رضائي,1,1405/03/28,1405/02/29,417070386234,149376
1403/03/28,باز,3120078375149,50869233,3071100973,هادي اصغري,1,1405/03/28,1405/02/29,417070386234,636582967
1403/04/28,باز,3120081463909,55777045,23054905,بهكام تيموري,1,1405/03/28,1405/02/29,417070386234,0
1403/04/28,باز,3120081461589,42319899,1980084769,عظيم هوائي,1,1405/03/28,1405/02/29,417070386234,203
1403/03/28,باز,3120078374863,59388714,3874715116,سعيد خزائي,1,1405/03/28,1405/02/29,417070386234,0
1403/04/28,باز,3120081363623,16153739,4819962485,سيده آمنه موسوي,1,1405/03/28,1405/02/29,417070386234,235904
1403/03/28,باز,3120078375673,11972335,5039941031,اشرف السادات صحافي,1,1405/03/28,1405/02/29,417070386234,0
1403/04/28,باز,3120081370865,8924866,1602510016,رضا حشامي,1,1405/03/28,1405/02/29,417070386234,1012
1403/03/28,باز,3120078422324,8319668,1817102095,كتايون پورمحمددرچوچي,1,1405/03/28,1405/02/29,417070386234,0
1403/03/28,باز,3120078374667,24305723,4650412285,محسن پاسباني,1,1405/03/28,1405/02/29,417070386234,82832
1403/03/28,باز,3120078469114,46915646,3580192061,سعيد حيدرزهي,1,1405/03/28,1405/02/29,417070386234,10039
1403/03/28,باز,3120078468234,23067237,11774101,سجاد ارشادي,1,1405/03/28,1405/02/29,417070386234,161534
1403/03/28,باز,3120078423613,3017074,1374153303,رحيم زهدي پردول,1,1405/03/28,1405/02/29,417070386234,128671
1403/04/28,باز,3120081464845,13302445,3871431540,مرتضي فردمحمديان,1,1405/03/28,1405/02/29,417070386234,0
1403/03/28,باز,3120078376144,3256172,3661110330,محمدمهدي نهي,1,1405/03/28,1405/02/29,417070386234,0
1403/03/28,باز,3120078327201,41121399,1290800375,الهام مصطفائي,1,1405/03/28,1405/02/29,417070386234,68353
1403/04/28,باز,3120081464401,3200138,938031872,حسام شريفيان كركچي,1,1405/03/28,1405/02/29,417070386234,0
1403/04/28,باز,3120081466771,53268221,4880461652,علي رضا قزلسفلو,1,1405/03/28,1405/02/29,417070386234,161685
1403/03/28,باز,3120078467992,1644211,6239939722,بهمن سلمي امند,1,1405/03/28,1405/02/29,417070386234,0
1403/03/28,باز,3120078467004,56899683,1590051572,ذوالفقار فتح اله زاده,1,1405/03/28,1405/02/29,417070386234,7854
1403/03/28,باز,3120078499368,46560388,910052840,علي پاسبان,1,1405/03/28,1405/02/29,417070386234,97922
1403/03/28,مسدودي بدهکار,3120078468157,13280817,4210149691,رضا طهماسبي,1,1405/03/28,1405/02/29,417070386234,177201
1403/04/28,باز,3120081363524,52659283,2860651438,محمد بهرامي,1,1405/03/28,1405/02/29,417070386234,2830
1403/04/28,باز,3120081464089,33342522,4989837975,سيداحمد موسوي نژاد,1,1405/03/28,1405/02/29,417070386234,5958
1403/03/28,بسته,3120078424151,30917508,4810274179,ساحل اسكندري,1,1405/03/28,1405/02/29,417070386234,0
1403/04/28,باز,3120081370515,7153958,781117666,يگانه چوپاني,1,1405/03/28,1405/02/29,417070386234,125521
1403/03/28,باز,3120078373789,39462020,5200045551,احمد اسكندري,1,1405/03/28,1405/02/29,417070386234,0
1403/03/28,باز,3120078423934,11660703,4850201016,ساسان بهراميان فرد,1,1405/03/28,1405/02/29,417070386234,0
1403/03/28,باز,3120078422188,8291266,1199189952,معصومه درويش پوريان,1,1405/03/28,1405/02/29,417070386234,671128
1403/04/28,باز,3120081465268,38399951,21663351,مهران داستان,1,1405/03/28,1405/02/29,417070386234,0
1403/03/28,باز,3120078326435,39663872,589665553,سيدعليرضا سجادي,1,1405/03/28,1405/02/29,417070386234,0
1403/04/28,باز,3120081367287,50531779,1288036833,شهريار حيدري سورشجاني,1,1405/03/28,1405/02/29,417070386234,0
1403/03/28,باز,3120078327540,36957834,520129873,سحر آشوري,1,1405/03/28,1405/02/29,417070386234,0
1403/04/28,باز,3120081366853,48515525,6169878606,نصرت اله خيراللهي,1,1405/03/28,1405/02/29,417070386234,151619
1403/03/28,باز,3120078373950,56489041,6489923378,ليلا قائدي جشني,1,1405/03/28,1405/02/29,417070386234,16986
1403/04/28,باز,3120081370618,56554432,4270830549,محمد جعفري,1,1405/03/28,1405/02/29,417070386234,0
1403/03/28,باز,3120078327823,21831785,2050086873,حامد يوسفي كمانگر,1,1405/03/28,1405/02/29,417070386234,8411
1403/03/28,باز,3120078376267,6345657,5240072779,مهدي رضائي,1,1405/03/28,1405/02/29,417070386234,0
1403/04/28,باز,3120081463066,54855206,53163818,فريده يوسفي,1,1405/03/28,1405/02/29,417070386234,149415
1403/03/28,باز,3120078326796,51474731,1291488030,مجتبي اعتباريان خوراسگاني,1,1405/03/28,1405/02/29,417070386234,171364
1403/03/28,باز,3120078373600,44735675,3149546461,ابوالقاسم تولائي شهربابك,1,1405/03/28,1405/02/29,417070386234,0
1403/04/28,باز,3120081466513,35668201,2740795424,ميثم آسيائي آق گنبد,1,1405/03/28,1405/02/29,417070386234,3273
1403/04/28,باز,3120081469923,6428298,1672509424,شهين درگاهي خياوي,1,1405/03/28,1405/02/29,417070386234,0
1403/03/28,باز,3120078468816,15031623,15803120,شهرزاد كاظمي,1,1405/03/28,1405/02/29,417070386234,170089
1403/03/28,باز,3120078469413,58531553,1050704045,سيدامين اماميان,1,1405/03/28,1405/02/29,417070386234,466013
1403/04/28,باز,3120081367526,5453380,13175599,محمد شوقي بدر,1,1405/03/28,1405/02/29,417070386234,1241332
1403/04/28,باز,3120081366178,12111885,2360528769,مريم جمالي,1,1405/03/28,1405/02/29,417070386234,0
1403/04/28,باز,3120081365379,48132252,759480753,اعظم سادات شاكري,1,1405/03/28,1405/02/29,417070386234,0
1403/04/28,باز,3120081470390,20628239,1230071466,حسن حسنعليان,1,1405/03/28,1405/02/29,417070386234,849
1403/03/28,باز,3120078469402,10709927,2380269149,سميه احمدي پور,1,1405/03/28,1405/02/29,417070386234,0
1403/03/28,باز,3120078376188,13060358,4559918422,محسن نوروزي,1,1405/03/28,1405/02/29,417070386234,0
1403/03/28,باز,3120078375105,7819609,1742767801,هادي شرهاني,1,1405/03/28,1405/02/29,417070386234,62787
1403/03/28,باز,3120078326468,39414515,2360037961,عليرضا كشوري,1,1405/03/28,1405/02/29,417070386234,7228
1403/04/28,باز,3120081470422,12419002,1091354022,حسينعلي سمندري,1,1405/03/28,1405/02/29,417070386234,386559
1403/04/28,باز,3120081368602,4279807,2872316851,خالد رستمي اقدم,1,1405/03/28,1405/02/29,417070386234,0
1403/03/28,باز,3120078467970,3731417,1111177066,سعيد احمدي,1,1405/03/28,1405/02/29,417070386234,0
1403/03/28,باز,3120078423002,10617831,533051592,عادل محمودي,1,1405/03/28,1405/02/29,417070386234,115776367
1403/03/28,باز,3120078377013,22611721,1989740634,دانيال جلالي,1,1405/03/28,1405/02/29,417070386234,4441830
1403/04/28,باز,3120081467514,39583855,2297015836,علي مدني,1,1405/03/28,1405/02/29,417070386234,0
1403/04/28,باز,3120081469057,2850787,371144140,مهسا كردي,1,1405/03/28,1405/02/29,417070386234,466
1403/03/28,باز,3120078375161,33749022,3241301087,پريا حياتي,1,1405/03/28,1405/02/29,417070386234,0
1403/03/28,باز,3120078375581,32438933,2840205432,بهنام عماري,1,1405/03/28,1405/02/29,417070386234,24375
1403/04/28,باز,3120081462643,54170785,4501113359,ميثم بدرخاني,1,1405/03/28,1405/02/29,417070386234,27364
1403/04/28,باز,3120081367036,7864294,2421092167,مجتبي فرهادي باصري,1,1405/03/28,1405/02/29,417070386234,203638
1403/03/28,باز,3120078422257,56150689,4281102711,مهدي حسني,1,1405/03/28,1405/02/29,417070386234,1469749
1403/03/28,باز,3120078326578,52514369,371030579,حسين عيوضي,1,1405/03/28,1405/02/29,417070386234,7134
1403/03/28,باز,3120078467413,35582566,1660211913,مهدي عبادي قورت تپه,1,1405/03/28,1405/02/29,417070386234,0
1403/03/28,باز,3120078375880,32650793,2370465344,بهنام اردشيرپور,1,1405/03/28,1405/02/29,417070386234,195513
1403/04/28,باز,3120081464889,15438935,4371467210,علي جعفري,1,1405/03/28,1405/02/29,417070386234,6210
1403/04/28,باز,3120081369012,40082198,2141716764,رمضان رمضاني پاريمه,1,1405/03/28,1405/02/29,417070386234,284
1403/03/28,باز,3120078373213,3038818,53902688,مجيد نبئي,1,1405/03/28,1405/02/29,417070386234,3397260
1403/04/28,باز,3120081365597,52944039,3510102169,سيدرضا موسوي فر,1,1405/03/28,1405/02/29,417070386234,0
1403/04/28,باز,3120081461545,48577332,4449391977,محمد زماني فر,1,1405/03/28,1405/02/29,417070386234,0
1403/03/28,باز,3120078466283,37931466,1610371674,محمد شهبازي اضماره,1,1405/03/28,1405/02/29,417070386234,0
1403/04/28,باز,3120081465280,9659972,23088060,زينب حسين زاده,1,1405/03/28,1405/02/29,417070386234,18376
1403/04/28,باز,3120081466023,11983020,6549871255,ثريا مرادي,1,1405/03/28,1405/02/29,417070386234,33972
1403/03/28,باز,3120078374771,12883786,622375458,محسن دهقاني,1,1405/03/28,1405/02/29,417070386234,2547
1403/03/28,باز,3120078424559,5396525,3934107605,مهدي بهرامي,1,1405/03/28,1405/02/29,417070386234,132958
1403/03/28,باز,3120078469082,30408216,1740342534,محسن امامي,1,1405/03/28,1405/02/29,417070386234,32122896
1403/04/28,باز,3120081464719,30969441,4819681796,راضيه آخوندغفوري,1,1405/03/28,1405/02/29,417070386234,135210
1403/04/28,باز,3120081364978,32050421,2064867368,زهرا عيسي پوردرزي,1,1405/03/28,1405/02/29,417070386234,0
1403/04/28,باز,3120081464905,46090478,2520214716,حسن بستاني,1,1405/03/28,1405/02/29,417070386234,526997
1403/03/28,باز,3120078376346,24677380,3391893680,فرامرز صادقي,1,1405/03/28,1405/02/29,417070386234,101068
1403/04/28,باز,3120081464557,20504693,5320051964,علي علي خاني,1,1405/03/28,1405/02/29,417070386234,322521
1403/03/28,باز,3120078425428,504013,22556400,پژمان ربيعي يكتا,1,1405/03/28,1405/02/29,417070386234,0
1403/03/28,باز,3120078468746,26438385,5969892033,مهناز مرادي,1,1405/03/28,1405/02/29,417070386234,0
1403/03/28,باز,3120078425576,28977396,1465889779,ميثم احقري,1,1405/03/28,1405/02/29,417070386234,0
1403/03/28,باز,3120078376494,3205929,410723509,حسن فيروزي,1,1405/03/28,1405/02/29,417070386234,5622197
1403/03/28,باز,3120078425325,25519547,3060046204,اميد صادقي,1,1405/03/28,1405/02/29,417070386234,15287
1403/03/28,باز,3120078466681,42631879,3241705161,سيدمهرشاد فرجي,1,1405/03/28,1405/02/29,417070386234,133512
1403/04/28,باز,3120081463590,24717807,4311298439,حسين غفاري برزگر,1,1405/03/28,1405/02/29,417070386234,49871
1403/04/28,باز,3120081468438,53817884,2538956455,سيدمحمد مرتضوي,1,1405/03/28,1405/02/29,417070386234,0
1403/03/28,باز,3120078425167,22781441,5099304461,قربان افشار,1,1405/03/28,1405/02/29,417070386234,0
1403/03/28,باز,3120078376223,12960160,14663767,محمدجواد حيدرزاده سرخه ريزي,1,1405/03/28,1405/02/29,417070386234,6361
1403/04/28,باز,3120081464193,49123231,1050979680,محمد رباطي,1,1405/03/28,1405/02/29,417070386234,133528
1403/03/28,باز,3120078467303,25081115,731129059,سيدمحمدرضا حسيني,1,1405/03/28,1405/02/29,417070386234,0
1403/03/28,باز,3120078326446,20763328,5729813491,محمد فرزانه,1,1405/03/28,1405/02/29,417070386234,0
1403/04/28,باز,3120081467776,11128177,4030809121,محسن عزيزي,1,1405/03/28,1405/02/29,417070386234,6528410
1403/04/28,باز,3120081468731,39534617,1520626363,سميرا حقي,1,1405/03/28,1405/02/29,417070386234,129557
1403/04/28,بسته,3120081465334,26832570,2181864950,سيده عارفه رضوي,1,1405/03/28,1405/02/29,417070386234,0
1403/03/28,باز,3120078326986,21207065,2930133821,ابراهيم رضائي,1,1405/03/28,1405/02/29,417070386234,510139
1403/03/28,باز,3120078422177,33929499,2570161276,ويدا شادابي پور,1,1405/03/28,1405/02/29,417070386234,11576
1403/03/28,باز,3120078326545,15657220,6080200961,محمدرضا محمدي,1,1405/03/28,1405/02/29,417070386234,83232
1403/03/28,باز,3120078423901,45251929,3950099719,سيده زهرا خزائي,1,1405/03/28,1405/02/29,417070386234,609468
1403/03/28,باز,3120078375606,46655750,6609649006,حسين ابراهيمي,1,1405/03/28,1405/02/29,417070386234,0
1403/04/28,باز,3120081369957,34820976,1111115011,معصومه حسيني جوجيلي,1,1405/03/28,1405/02/29,417070386234,178813
1403/04/28,باز,3120081367968,43022058,2372450034,سيدمرتضي امامي,1,1405/03/28,1405/02/29,417070386234,9158
1403/04/28,باز,3120081367946,31666144,2293243036,انوشيروان اوجي مهر,1,1405/03/28,1405/02/29,417070386234,261286
1403/03/28,باز,3120078376623,4926293,60980346,اميد بهاري,1,1405/03/28,1405/02/29,417070386234,39102
1403/03/28,باز,3120078327584,30623362,1899631941,عبدالعزيز الهي منش,1,1405/03/28,1405/02/29,417070386234,42148
1403/04/28,باز,3120081364990,1758574,3550160501,يحيي سالمي,1,1405/03/28,1405/02/29,417070386234,82833
1403/03/28,باز,3120078327458,817385,1500598518,عنبر سادهءقشلاق,1,1405/03/28,1405/02/29,417070386234,824219
1403/03/28,باز,3120078423549,39303681,421957476,زهرا ميرزائي,1,1405/03/28,1405/02/29,417070386234,0
1403/04/28,باز,3120081365542,10920366,580072444,اميرحسين جعفري دهستاني,1,1405/03/28,1405/02/29,417070386234,112286
1403/03/28,باز,3120078467060,58797123,1532132344,اكبر بابائي,1,1405/03/28,1405/02/29,417070386234,74419
1403/04/28,باز,3120081367755,10385633,691113033,اميرمحمد خورسندبنهنگي,1,1405/03/28,1405/02/29,417070386234,26023
1403/03/28,باز,3120078374089,14007575,3860623451,هادي نوري,1,1405/03/28,1405/02/29,417070386234,0
1403/04/28,باز,3120081363678,633697,3500999069,محمدرضا آبياري,1,1405/03/28,1405/02/29,417070386234,308616
1403/03/28,باز,3120078468289,57552007,1260462269,احمدرضا فضل الهي,1,1405/03/28,1405/02/29,417070386234,0
1403/04/28,باز,3120081364389,41316642,3530001791,سكينه كمالي,1,1405/03/28,1405/02/29,417070386234,277622
1403/03/28,باز,3120078327801,57705808,3762044406,بيان رحمان زاده,1,1405/03/28,1405/02/29,417070386234,6388265
1403/04/28,باز,3120081467824,52585455,4270578653,محسن رسولي,1,1405/03/28,1405/02/29,417070386234,0
1403/04/28,باز,3120081368112,29433577,2296843115,حميدرضا نوري زاده,1,1405/03/28,1405/02/29,417070386234,36120
1403/03/28,باز,3120078422438,8738877,943080371,سجاد جواهري طهراني,1,1405/03/28,1405/02/29,417070386234,42402
1403/04/28,باز,3120081368495,16807780,1364103206,الهه حامدي كندجاني,1,1405/03/28,1405/02/29,417070386234,9908
1403/03/28,باز,3120078422074,30293008,829774319,صفدر احمديان,1,1405/03/28,1405/02/29,417070386234,0
1403/04/28,باز,3120081470400,321255,45838461,مسعود زرندي كربلائي,1,1405/03/28,1405/02/29,417070386234,0
1403/03/28,باز,3120078425008,49146809,56541511,عباس آقابزرگي,1,1405/03/28,1405/02/29,417070386234,130881
1403/04/28,باز,3120081369516,11262567,5810092391,سپيده سراج,1,1405/03/28,1405/02/29,417070386234,0
1403/04/28,باز,3120081364570,32612429,2591340961,حسن نعيمي,1,1405/03/28,1405/02/29,417070386234,310551
1403/04/28,باز,3120081468416,31742085,3421981701,بتول ذاكري,1,1405/03/28,1405/02/29,417070386234,281720
1403/03/28,باز,3120078423237,43424089,4285626721,پيمان آراميده,1,1405/03/28,1405/02/29,417070386234,40184
1403/04/28,باز,3120081469318,8307855,11995491,سمانه ملكوتي خواه,1,1405/03/28,1405/02/29,417070386234,0
1403/04/28,باز,3120081610987,45919958,10806008,محمدرضا جعفري چوبر,1,1405/03/28,1405/02/29,417070386234,703373
1403/03/28,باز,3120078424302,18667267,54875153,رضا اميني,1,1405/03/28,1405/02/29,417070386234,509589
1403/04/28,باز,3120081363034,26844122,639472109,حميد عباسي مقدم,1,1405/03/28,1405/02/29,417070386234,0
1403/04/28,باز,3120081370755,36940655,3611331392,فاطمه عنقائي,1,1405/03/28,1405/02/29,417070386234,6794
1403/04/28,باز,3120081464775,8266365,1689316810,پروين عليجاني,1,1405/03/28,1405/02/29,417070386234,1701064
1403/04/28,باز,3120081466089,55985490,918996287,حسن مهربان,1,1405/03/28,1405/02/29,417070386234,47596
1403/03/28,باز,3120078327119,5480730,5669263359,زهرا صفائي,1,1405/03/28,1405/02/29,417070386234,56224
1403/03/28,باز,3120078326822,51035699,2219018598,محمود قوامي,1,1405/03/28,1405/02/29,417070386234,0
1403/03/28,باز,3120078376029,5079701,18113516,فريد پورايمان,1,1405/03/28,1405/02/29,417070386234,5554
1403/03/28,باز,3120078423307,48827842,3350141943,حسين غلام زاده,1,1405/03/28,1405/02/29,417070386234,0
1403/04/28,باز,3120081368635,15403976,3860968645,علي فخيمي جوان,1,1405/03/28,1405/02/29,417070386234,526848
1403/03/28,باز,3120078423400,18976360,1382850328,شعبان شيخ زاده چوان,1,1405/03/28,1405/02/29,417070386234,0
1403/04/28,باز,3120081469772,10697659,1900237490,پريا دشتستاني,1,1405/03/28,1405/02/29,417070386234,0
1403/04/28,باز,3120081364547,43433350,2050061961,سيدمحمدحسين كامراني,1,1405/03/28,1405/02/29,417070386234,0
1403/03/28,باز,3120078373529,44626791,66317517,حميدرضا نعيمي,1,1405/03/28,1405/02/29,417070386234,0
1403/03/28,باز,3120078373824,16691240,1621547191,فريضه واثقي تولون,1,1405/03/28,1405/02/29,417070386234,69952
1403/03/28,باز,3120078467107,41646355,81971958,نسيم زرنگار,1,1405/03/28,1405/02/29,417070386234,66083
1403/03/28,باز,3120078375264,23789234,64061779,طاهره غلامي,1,1405/03/28,1405/02/29,417070386234,169863
1403/04/28,باز,3120081469808,9046888,3732006956,شيدا ساعدي,1,1405/03/28,1405/02/29,417070386234,322058
1403/04/28,بسته,3120081367607,54530447,4720723314,علي كرمشاهي,1,1405/03/28,1405/02/29,417070386234,0
1403/04/28,باز,3120081466157,55493555,2742232151,ابوالفضل رحيمي,1,1405/03/28,1405/02/29,417070386234,236908
1403/03/28,باز,3120078467480,42058133,3410514619,مجتبي سزيده,1,1405/03/28,1405/02/29,417070386234,169863
1403/03/28,باز,3120078423516,13065214,3100469410,محمدجواد شاه ولي بر,1,1405/03/28,1405/02/29,417070386234,8165
1403/04/28,باز,3120081463828,19060671,3660585793,مجيد آذرسا,1,1405/03/28,1405/02/29,417070386234,0
1403/03/28,باز,3120078377156,36580305,5390009533,بابك صالحي,1,1405/03/28,1405/02/29,417070386234,0
1403/03/28,باز,3120078468348,10545475,720611806,حسين اختري,1,1405/03/28,1405/02/29,417070386234,32029
1403/03/28,باز,3120078326170,13437597,19311133,عرفان خيام,1,1405/03/28,1405/02/29,417070386234,0
1403/03/28,باز,3120078467697,5925476,1653070269,رستم افرادي كرده مهيني,1,1405/03/28,1405/02/29,417070386234,17285
1403/03/28,باز,3120078374623,18691117,15782174,مهرداد شاه عطاري,1,1405/03/28,1405/02/29,417070386234,224848
1403/04/28,باز,3120081467264,53023777,1286764351,حيدر مراوندي,1,1405/03/28,1405/02/29,417070386234,90097
1403/03/28,باز,3120078425543,11390041,1159539073,مريم كاوياني داراني,1,1405/03/28,1405/02/29,417070386234,0
1403/03/28,باز,3120078423396,16911594,19115717,عليرضا يزدان پناه,1,1405/03/28,1405/02/29,417070386234,0
1403/04/28,باز,3120081470514,29792530,1271780275,سجاد پوستي قهجاورستاني,1,1405/03/28,1405/02/29,417070386234,0
1403/03/28,باز,3120078373868,55127733,2282187131,پارسا هارونيان,1,1405/03/28,1405/02/29,417070386234,0
1403/04/28,باز,3120081469990,57905558,4539874179,لطف اله حيدري,1,1405/03/28,1405/02/29,417070386234,15287
1403/03/28,باز,3120078373880,20250181,59546311,داود حاجي وند,1,1405/03/28,1405/02/29,417070386234,67945
1403/03/28,باز,3120078422096,3944270,492037914,امير فدوي,1,1405/03/28,1405/02/29,417070386234,284129276
1403/03/28,باز,3120078424968,36666208,1289238561,الياس عباسيان مهنه,1,1405/03/28,1405/02/29,417070386234,168164
1403/04/28,باز,3120081364835,46101303,1200047982,سيده شهين موسوي,1,1405/03/28,1405/02/29,417070386234,84931
1403/03/28,بسته,3120078327306,10346952,2594474584,حامد فلاح,1,1405/03/28,1405/02/29,417070386234,0
1403/03/28,باز,3120078466571,44908510,1700101528,محمد پورفتح اله مجارشين,1,1405/03/28,1405/02/29,417070386234,164699
1403/04/28,باز,3120081469091,10124764,1273030745,مريم پورقربان,1,1405/03/28,1405/02/29,417070386234,62169
1403/03/28,باز,3120078468407,15134684,4000013203,ميثم اكبري طلعت,1,1405/03/28,1405/02/29,417070386234,87479
1403/03/28,باز,3120078465871,27286125,3850092887,سامان شكيبانژاد,1,1405/03/28,1405/02/29,417070386234,9922760
1403/03/28,باز,3120078425295,57445021,422045950,سيدنادر رضائي درياكناري,1,1405/03/28,1405/02/29,417070386234,25823728
1403/04/28,باز,3120081467695,45414943,2539182151,اكبر مهرعلي,1,1405/03/28,1405/02/29,417070386234,5302
1403/04/28,باز,3120081465574,36508451,4623437892,صديقه خاكي بختياروند,1,1405/03/28,1405/02/29,417070386234,320331
1403/04/28,باز,3120081470116,44455072,889679290,سيدابراهيم متولي,1,1405/03/28,1405/02/29,417070386234,0
1403/03/28,باز,3120078423794,7605428,4859841425,اصغر بازوند,1,1405/03/28,1405/02/29,417070386234,33516
1403/03/28,باز,3120078422634,21243252,1960618776,پرستو كاشاني بيرگاني,1,1405/03/28,1405/02/29,417070386234,0
1403/03/28,باز,3120078424128,12054030,2890327515,ياسين مولودي,1,1405/03/28,1405/02/29,417070386234,67261
1403/03/28,باز,3120078425020,33441868,4810249786,حسين شهرياري,1,1405/03/28,1405/02/29,417070386234,0
1403/03/28,باز,3120078466669,8738135,5779641862,عبدالحسين احمدي لداري,1,1405/03/28,1405/02/29,417070386234,0
1403/04/28,باز,3120081467606,57408296,2298938628,عبداله اكبرپورفرد,1,1405/03/28,1405/02/29,417070386234,8042
1403/03/28,باز,3120078327539,10129366,4420878411,ياسين آزادي نژاد,1,1405/03/28,1405/02/29,417070386234,76852
1403/03/28,باز,3120078424980,57611261,440637961,مصطفي روستائي,1,1405/03/28,1405/02/29,417070386234,0
1403/03/28,باز,3120078422940,12458922,1199111430,حسن ناظم,1,1405/03/28,1405/02/29,417070386234,0
1403/03/28,باز,3120078423134,28226696,310949777,نويد پورمؤمني شهربابك,1,1405/03/28,1405/02/29,417070386234,0
1403/04/28,باز,3120081364466,21425147,2080545779,طاهره جمشيدي,1,1405/03/28,1405/02/29,417070386234,241561
1403/03/28,باز,3120078375127,9510159,84782811,راحله كرمي,1,1405/03/28,1405/02/29,417070386234,7677
1403/03/28,باز,3120078469332,2095090,880434171,مهران علي پور,1,1405/03/28,1405/02/29,417070386234,0
1403/03/28,باز,3120078423624,41696525,1750897296,نسرين ظريف ميرمحمدحسيني قايني,1,1405/03/28,1405/02/29,417070386234,55344500
1403/03/28,باز,3120078375990,14286461,4569465625,حميد بنائي,1,1405/03/28,1405/02/29,417070386234,1252739
1403/04/28,باز,3120081366411,14207278,4269586958,سميه بهرامي,1,1405/03/28,1405/02/29,417070386234,0
1403/03/28,باز,3120078421640,13457547,200500376,محسن طاهري سريش,1,1405/03/28,1405/02/29,417070386234,138524
1403/03/28,باز,3120078424221,46172687,2730133021,رضا رجبي ثابت,1,1405/03/28,1405/02/29,417070386234,5935
1403/03/28,باز,3120078467527,31623231,3350106927,حامد قياسي,1,1405/03/28,1405/02/29,417070386234,0
1403/03/28,باز,3120078375208,39527683,6459954410,محمدنور بلوچ زهي,1,1405/03/28,1405/02/29,417070386234,722767
1403/03/28,باز,3120078373110,33783962,1651849951,حميد شاهبازي,1,1405/03/28,1405/02/29,417070386234,7519
1403/03/28,باز,3120078467435,50178045,1828020389,حسين خنفري پور,1,1405/03/28,1405/02/29,417070386234,0
1403/03/28,باز,3120078374269,57450432,3701208166,محمدعلي ازادي,1,1405/03/28,1405/02/29,417070386234,87479
1403/03/28,باز,3120078469071,31039163,520575105,عليرضا حسني بزچلوئي,1,1405/03/28,1405/02/29,417070386234,0
1403/04/28,باز,3120081368826,12366102,1209086794,علي رضا صابري,1,1405/03/28,1405/02/29,417070386234,0
1403/03/28,باز,3120078469491,22679661,2840139383,سجاد رضازاده,1,1405/03/28,1405/02/29,417070386234,0
1403/03/28,باز,3120078466353,23244519,1451480482,صادق اماني,1,1405/03/28,1405/02/29,417070386234,0
1403/03/28,باز,3120078422405,41754480,5499407053,ابراهيم دادخواه تهراني,1,1405/03/28,1405/02/29,417070386234,1083895
1403/03/28,باز,3120078374339,24881998,2549238958,نصرت اله ترابي اردكاني,1,1405/03/28,1405/02/29,417070386234,336328
1403/04/28,بسته,3120081469374,38366748,5339930459,محسن ملاشاهي زاده,1,1405/03/28,1405/02/29,417070386234,0
1403/03/28,باز,3120078468135,40212547,1639929622,علي شاهرودي دليري,1,1405/03/28,1405/02/29,417070386234,169863
1403/03/28,باز,3120078375709,10424211,4880116882,زهرا وزيري دوزين,1,1405/03/28,1405/02/29,417070386234,13527
1403/04/28,بسته,3120081365984,26832570,2181864950,سيده عارفه رضوي,1,1405/03/28,1405/02/29,417070386234,0
1403/03/28,باز,3120078466740,444940,5390081714,فائزه محمودي نهراني,1,1405/03/28,1405/02/29,417070386234,0
1403/03/28,باز,3120078376368,17144932,4260022474,مهدي حاتمي,1,1405/03/28,1405/02/29,417070386234,207198
1403/04/28,باز,3120081364592,13187466,1189803593,نعمت اله يوسفي,1,1405/03/28,1405/02/29,417070386234,7093506
1403/03/28,باز,3120078423875,28977850,6169889586,جعفر خورشيدي,1,1405/03/28,1405/02/29,417070386234,392371
1403/03/28,مسدودي بدهکار,3120078327142,52810592,1817436554,مجيد عليزاده,1,1405/03/28,1405/02/29,417070386234,1698630
1403/03/28,باز,3120078467200,22291471,945071310,بهزاد صادقي,1,1405/03/28,1405/02/29,417070386234,76340
1403/03/28,باز,3120078374988,23622884,2580830162,رضا صبوري ويشكائي,1,1405/03/28,1405/02/29,417070386234,813736
1403/04/28,باز,3120081370537,7871592,3430253357,اميرحسين دربان,1,1405/03/28,1405/02/29,417070386234,459432
1403/03/28,باز,3120078327223,15115043,5979902031,احمد رستمي,1,1405/03/28,1405/02/29,417070386234,82828
1403/04/28,باز,3120081362563,19772943,3932735676,محمدرضا ملكي,1,1405/03/28,1405/02/29,417070386234,136739
1403/03/28,باز,3120078424935,19281675,5999959268,مصطفي بنوان,1,1405/03/28,1405/02/29,417070386234,67809
1403/04/28,باز,3120081370445,48099676,3719937933,خداداد عيسي زهي,1,1405/03/28,1405/02/29,417070386234,105368
1403/04/28,باز,3120081462654,37623628,1159169799,داريوش نصيري بابادگاني,1,1405/03/28,1405/02/29,417070386234,1427110
1403/03/28,باز,3120078468113,14254161,4460063433,فريبا وحداني نيا,1,1405/03/28,1405/02/29,417070386234,133899
1403/04/28,باز,3120081468612,49368165,2432222008,حسن نوروزي,1,1405/03/28,1405/02/29,417070386234,2123254
1403/04/28,باز,3120081362743,26540951,4270765488,آيدين حميدي,1,1405/03/28,1405/02/29,417070386234,1623
1403/03/28,باز,3120078326491,47898732,5010523371,محمود ذاكريان,1,1405/03/28,1405/02/29,417070386234,0
1403/04/28,باز,3120081370140,757639,4270194359,سيده نرگس موسوي مرادي,1,1405/03/28,1405/02/29,417070386234,0
1403/03/28,باز,3120078375776,35916415,1467176427,محبوب نيرومندعلي بابالو,1,1405/03/28,1405/02/29,417070386234,0
1403/04/28,باز,3120081365461,56794119,1520232993,فرهاد نوروزي,1,1405/03/28,1405/02/29,417070386234,12538
1403/04/28,باز,3120081468973,13779440,17597269,درسا بقائي,1,1405/03/28,1405/02/29,417070386234,86432125
1403/04/28,باز,3120081466852,37202150,2161845330,فهيمه يوسفي سروكلائي,1,1405/03/28,1405/02/29,417070386234,849315
1403/04/28,باز,3120081462791,46517152,4860427637,علي وزيري دوزين,1,1405/03/28,1405/02/29,417070386234,62094
1403/04/28,باز,3120081461741,6278970,2091213276,سيدابراهيم ابراهيمي,1,1405/03/28,1405/02/29,417070386234,0
1403/04/28,باز,3120081362798,24087137,2392177805,مژگان هنرمند,1,1405/03/28,1405/02/29,417070386234,0
1403/04/28,باز,3120081365357,41456617,3979688798,سودابه رحيمي,1,1405/03/28,1405/02/29,417070386234,229254
1403/04/28,باز,3120081611153,4648628,4220572279,عارف فلسفي,1,1405/03/28,1405/02/29,417070386234,2329
1403/03/28,باز,3120078376133,38597052,67656196,فرحناز موثق سهزابي,1,1405/03/28,1405/02/29,417070386234,0
1403/04/28,باز,3120081463350,21840057,2572737639,محمدصادق بياباني,1,1405/03/28,1405/02/29,417070386234,0
1403/04/28,باز,3120081465006,21000362,5159760350,سكينه شمسي,1,1405/03/28,1405/02/29,417070386234,503711
1403/03/28,باز,3120078425228,4185159,3379985295,كاميار اميري,1,1405/03/28,1405/02/29,417070386234,0
1403/03/28,باز,3120078327317,36794354,2709973618,عباس جوانمرد,1,1405/03/28,1405/02/29,417070386234,81214
1403/04/28,باز,3120081470367,17595224,2160803650,رضا مهدي زاده,1,1405/03/28,1405/02/29,417070386234,0
1403/03/28,باز,3120078373857,16682083,1752883217,امين آقاجعفري,1,1405/03/28,1405/02/29,417070386234,84931
1403/04/28,باز,3120081370902,30938805,3240189720,سپيده نوري,1,1405/03/28,1405/02/29,417070386234,2177
1403/03/28,باز,3120078375879,14943244,84595639,ميلاد ياري,1,1405/03/28,1405/02/29,417070386234,18930702
1403/04/28,باز,3120081368235,22467147,2559600234,فاطمه ستاري شناس,1,1405/03/28,1405/02/29,417070386234,0
1403/03/28,باز,3120078375220,52757135,1639561943,حمزه شهبازي,1,1405/03/28,1405/02/29,417070386234,5095890
1403/03/28,باز,3120078376995,8811400,4849274668,سعيد لك,1,1405/03/28,1405/02/29,417070386234,866848
1403/04/28,باز,3120081462724,5603037,5299845871,قمر غلاميان,1,1405/03/28,1405/02/29,417070386234,0
1403/04/28,باز,3120081368521,15015271,5499881758,سميه يزداني,1,1405/03/28,1405/02/29,417070386234,419324
1403/04/28,باز,3120081468881,49346099,1198492309,سيدمحسن موسوي,1,1405/03/28,1405/02/29,417070386234,16352330
1403/03/28,باز,3120078423466,53396935,943236061,صديقه ابويساني,1,1405/03/28,1405/02/29,417070386234,10048857
1403/03/28,باز,3120078373699,43019990,3071240236,اعظم عزت آبادي پور,1,1405/03/28,1405/02/29,417070386234,0
1403/03/28,باز,3120078467392,29158830,4324014892,سهراب باجلوند,1,1405/03/28,1405/02/29,417070386234,0
1403/03/28,باز,3120078467479,29330026,4433606146,جليل شاخواجه,1,1405/03/28,1405/02/29,417070386234,126342
1403/03/28,باز,3120078327856,33485319,1740518861,كريم سياحي موحي,1,1405/03/28,1405/02/29,417070386234,0
1403/03/28,باز,3120078425473,57127062,55527329,حسين زيني,1,1405/03/28,1405/02/29,417070386234,0
1403/03/28,باز,3120078422391,8207268,4520119251,حميدرضا شفيع نيا,1,1405/03/28,1405/02/29,417070386234,4755
1403/04/28,باز,3120081470079,16406051,2938273517,ليلا علي محمدي,1,1405/03/28,1405/02/29,417070386234,782999
1403/03/28,باز,3120078499324,16422671,923932879,محمدجواد جعفري,1,1405/03/28,1405/02/29,417070386234,32391
1403/04/28,باز,3120081368417,21291283,58212914,اشرف محمدي,1,1405/03/28,1405/02/29,417070386234,0
1403/03/28,باز,3120078375787,11279394,1371062870,علي ملك زاده,1,1405/03/28,1405/02/29,417070386234,1790
1403/03/28,باز,3120078466854,15344656,5030127003,عرفان اكبري پورخرم آبادي,1,1405/03/28,1405/02/29,417070386234,0
1403/03/28,باز,3120078326844,2887223,2150293609,پوريا كتال,1,1405/03/28,1405/02/29,417070386234,0
1403/03/28,باز,3120078327289,22075703,1210000441,حجت زماني,1,1405/03/28,1405/02/29,417070386234,0
1403/03/28,باز,3120078374557,15089494,1271730251,زهرا اله دادي,1,1405/03/28,1405/02/29,417070386234,0
1403/03/28,باز,3120078424346,37874295,5340012085,محسن رضائي,1,1405/03/28,1405/02/29,417070386234,6794
1403/03/28,باز,3120078326648,33293776,2572680866,نجمه خداداد,1,1405/03/28,1405/02/29,417070386234,608760616
1403/04/28,باز,3120081469226,37969332,3430260604,محسن عليزاده,1,1405/03/28,1405/02/29,417070386234,667659
1403/03/28,باز,3120078374187,38268112,1293345075,مريم وركوه,1,1405/03/28,1405/02/29,417070386234,0
1403/03/28,باز,3120078376928,50878917,57532613,اميد نوبهاري ثابت,1,1405/03/28,1405/02/29,417070386234,806849
1403/03/28,باز,3120078376564,49753113,3960595913,محمدعلي لروند,1,1405/03/28,1405/02/29,417070386234,0
1403/04/28,باز,3120081465622,29214926,829595406,سهراب مرادي,1,1405/03/28,1405/02/29,417070386234,3201814
1403/03/28,باز,3120078467152,27179815,68056923,اصغر رسول زاده,1,1405/03/28,1405/02/29,417070386234,0
1403/04/28,باز,3120081367924,42170877,2596086557,فرامرز رمضاني بجاربنه,1,1405/03/28,1405/02/29,417070386234,136739
1403/03/28,باز,3120078374465,30738445,2162577372,مهسا بابائي,1,1405/03/28,1405/02/29,417070386234,120267
1403/04/28,باز,3120081467880,40484461,4391810328,فاطمه طاهرخاني,1,1405/03/28,1405/02/29,417070386234,5666042
1403/03/28,باز,3120078327005,241384,4623280624,فاطمه هاشمي بني,1,1405/03/28,1405/02/29,417070386234,0
1403/04/28,باز,3120081461844,4694593,82644543,فاطمه سعيدي,1,1405/03/28,1405/02/29,417070386234,158757
1403/03/28,بسته,3120078424209,45362685,1699872759,محسن جعفري گواهر,1,1405/03/28,1405/02/29,417070386234,0
1403/04/28,باز,3120081469912,47402893,4270268271,علي حميدي,1,1405/03/28,1405/02/29,417070386234,0
1403/03/28,باز,3120078327621,6808316,3241718492,سهيل فرهادي چالابهء,1,1405/03/28,1405/02/29,417070386234,0
1403/03/28,باز,3120078466762,48689987,19854773,مهدي حسن زاده دولق,1,1405/03/28,1405/02/29,417070386234,89713
1403/03/28,باز,3120078469228,23242314,1971407062,فريده محمدي,1,1405/03/28,1405/02/29,417070386234,0
1403/04/28,باز,3120081468204,11819505,2295589975,علي اصغر زارع,1,1405/03/28,1405/02/29,417070386234,8948
1403/03/28,باز,3120078422030,48569887,384289762,مسعود قاسمي,1,1405/03/28,1405/02/29,417070386234,63698
1403/04/28,باز,3120081368020,1331975,2297465221,مسعود ناصري,1,1405/03/28,1405/02/29,417070386234,569041
1403/03/28,مسدودي بدهکار,3120078376052,57553288,2820114131,محمد والوق قزلباش,1,1405/03/28,1405/02/29,417070386234,0
1403/03/28,باز,3120078466157,3735434,1688849157,حسين پناهنده بناب,1,1405/03/28,1405/02/29,417070386234,85758140
1403/03/28,باز,3120078376962,43192750,700252835,مصطفي يوسفي,1,1405/03/28,1405/02/29,417070386234,83586
1403/03/28,باز,3120078376726,20323543,2300964260,اميدرضا قاسمي,1,1405/03/28,1405/02/29,417070386234,29149
1403/04/28,باز,3120081366396,14471641,61176974,ندا كريمي,1,1405/03/28,1405/02/29,417070386234,10235
1403/04/28,باز,3120081464241,48704909,670773638,علي اصغر همتي,1,1405/03/28,1405/02/29,417070386234,0
1403/03/28,باز,3120078373655,31564303,371295343,سجاد جوكار,1,1405/03/28,1405/02/29,417070386234,0
1403/03/28,باز,3120078327245,46352353,3510277821,محمد ضرغاميان,1,1405/03/28,1405/02/29,417070386234,502
1403/03/28,باز,3120078466887,34026030,439938341,حمزه فروزنده,1,1405/03/28,1405/02/29,417070386234,0
1403/04/28,باز,3120081370287,4352166,1080072748,جابر روح الهي,1,1405/03/28,1405/02/29,417070386234,25385610
1403/04/28,باز,3120081470068,29571081,2930080728,شبنم برفر,1,1405/03/28,1405/02/29,417070386234,0
1403/03/28,باز,3120078468919,5161291,3242551427,مهدي جوكي,1,1405/03/28,1405/02/29,417070386234,0
1403/04/28,باز,3120081366035,55614489,4901207547,اميرحسين حسينعلي زاده قره قيه,1,1405/03/28,1405/02/29,417070386234,15196
1403/04/28,باز,3120081368280,26074835,66873029,فاطمه نوروزي,1,1405/03/28,1405/02/29,417070386234,129269
1403/03/28,باز,3120078374373,45905037,5170076703,صاحبه مصطفوي سوتگوابري,1,1405/03/28,1405/02/29,417070386234,0
1403/03/28,باز,3120078422224,13584900,5099917925,صالح اسماعيليان,1,1405/03/28,1405/02/29,417070386234,0
1403/03/28,باز,3120078326240,33287464,450629201,ترمه لك زائي,1,1405/03/28,1405/02/29,417070386234,0
1403/03/28,باز,3120078373596,27040733,4380209148,تقي محمدي,1,1405/03/28,1405/02/29,417070386234,45697
1403/04/28,باز,3120081467868,13092810,4040198174,محمد يادگاري,1,1405/03/28,1405/02/29,417070386234,15287
1403/04/28,باز,3120081370722,7946635,2296806163,محمدهادي فروزاني خوب,1,1405/03/28,1405/02/29,417070386234,1539362
1403/03/28,مسدودي بدهکار,3120078465848,41585140,4490273797,حسن وجودي يكتا,1,1405/03/28,1405/02/29,417070386234,745128
1403/04/28,باز,3120081463338,21734854,630173796,رقيه جمالي وحيد,1,1405/03/28,1405/02/29,417070386234,0
1403/04/28,باز,3120081362518,42518301,2141642221,شعبان يزداني,1,1405/03/28,1405/02/29,417070386234,3817827
1403/03/28,باز,3120078467767,32967356,490204570,اصغر اسلامي,1,1405/03/28,1405/02/29,417070386234,0
1403/04/28,باز,3120081369191,59200081,4070831096,رسول بهرام نژاد,1,1405/03/28,1405/02/29,417070386234,104380
1403/04/28,باز,3120081611175,46914575,440883891,عرفان تاجيك حصارقاضي,1,1405/03/28,1405/02/29,417070386234,0
1403/04/28,باز,3120081461660,12977396,4510217978,عرفان رستم آزادي,1,1405/03/28,1405/02/29,417070386234,19396
1403/03/28,باز,3120078499346,46199163,48247626,محمد حاجي زاده,1,1405/03/28,1405/02/29,417070386234,2400857
1403/04/28,باز,3120081463954,6685896,1200028546,سميه افشاري,1,1405/03/28,1405/02/29,417070386234,1138
1403/03/28,باز,3120078424788,42999401,4010126681,ندا بلندي,1,1405/03/28,1405/02/29,417070386234,15698
1403/04/28,باز,3120081469596,3132759,2981159895,محمدمهدي باقريزاده,1,1405/03/28,1405/02/29,417070386234,3010
1403/03/28,باز,3120078374760,39033770,3930731126,جعفر فرخي,1,1405/03/28,1405/02/29,417070386234,882608
1403/03/28,باز,3120078375570,43075796,1742114921,فرزاد باقري,1,1405/03/28,1405/02/29,417070386234,19887
1403/04/28,باز,3120081469112,21858066,25549251,عماد شهابي,1,1405/03/28,1405/02/29,417070386234,0
1403/04/28,باز,3120081367423,58510710,1261866800,شيرين آمرزش,1,1405/03/28,1405/02/29,417070386234,3167757
1403/04/28,باز,3120081370324,30330335,3256903924,سجاد اميري,1,1405/03/28,1405/02/29,417070386234,0
1403/04/28,باز,3120081464823,21588949,2640388126,فاطمه مقامي ديزج يكان,1,1405/03/28,1405/02/29,417070386234,211072
1403/04/28,باز,3120081462403,4493876,1382106904,معصومه حسيني,1,1405/03/28,1405/02/29,417070386234,1470
1403/04/28,باز,3120081465585,21861712,4270244003,پريسا احمدي,1,1405/03/28,1405/02/29,417070386234,75560
1403/04/28,باز,3120081368075,52242772,2570213942,غلامرضا مرزبان,1,1405/03/28,1405/02/29,417070386234,32797523
1403/04/28,باز,3120081462119,19896529,2370660538,جميله كشتكارحسين آبادي,1,1405/03/28,1405/02/29,417070386234,342046
1403/04/28,باز,3120081463143,34320139,1273304659,فاطمه جهانگيري,1,1405/03/28,1405/02/29,417070386234,0
1403/03/28,باز,3120078374214,34817919,2803199017,اسد سلماني مقدم,1,1405/03/28,1405/02/29,417070386234,10635
1403/04/28,باز,3120081468380,58709593,5070321919,محمد قادري,1,1405/03/28,1405/02/29,417070386234,930
1403/03/28,باز,3120078374782,59184885,75746506,عبدالامير نيازي,1,1405/03/28,1405/02/29,417070386234,0
1403/03/28,باز,3120078327328,43615009,1755188358,سعيد حميد,1,1405/03/28,1405/02/29,417070386234,256911
1403/04/28,باز,3120081368347,4196216,1362497101,رضا پارسا,1,1405/03/28,1405/02/29,417070386234,16986
1403/03/28,باز,3120078424629,48353972,937803871,سيدحميدرضا ظهورپرواز,1,1405/03/28,1405/02/29,417070386234,12857404
1403/03/28,باز,3120078423444,20169637,6370032859,آيدين روان بد,1,1405/03/28,1405/02/29,417070386234,0
1403/03/28,باز,3120078373367,51306330,1271471876,سيدعلي اصفي,1,1405/03/28,1405/02/29,417070386234,830630
1403/04/28,باز,3120081461523,649916,2121369848,شمس السادات امام جمعه,1,1405/03/28,1405/02/29,417070386234,0
1403/03/28,باز,3120078376313,1940592,3934453066,مرضيه فارسي جوكار,1,1405/03/28,1405/02/29,417070386234,388476
1403/04/28,مسدودي بدهکار,3120081364857,25371833,3479296580,محراب لشكري پور,1,1405/03/28,1405/02/29,417070386234,0
1403/03/28,باز,3120078425064,428216,1630284238,ابوالفضل بنيادي مجره,1,1405/03/28,1405/02/29,417070386234,0
1403/03/28,باز,3120078374012,47826167,19077343,مريم حشمتي,1,1405/03/28,1405/02/29,417070386234,35824
1403/04/28,باز,3120081465095,34102564,2000634303,مينا واصل,1,1405/03/28,1405/02/29,417070386234,122701
1403/03/28,باز,3120078425075,28189255,1911122339,محمد زبيدي,1,1405/03/28,1405/02/29,417070386234,15962
1403/04/28,باز,3120081363955,29796114,1743339496,كيميا طهماسبي,1,1405/03/28,1405/02/29,417070386234,0
1403/03/28,مسدودي کل,3120078424117,8484013,1271648946,مجيد محمدي,1,1405/03/28,1405/02/29,417070386234,74299
1403/03/28,باز,3120078326888,58926902,3591809926,محمد عبدالهي,1,1405/03/28,1405/02/29,417070386234,0
1403/03/28,باز,3120078375401,59301965,3569967808,عبدالرسول حياتي,1,1405/03/28,1405/02/29,417070386234,74739
1403/04/28,باز,3120081368952,9972747,2740919689,رسول رنگي صورمان آبادي,1,1405/03/28,1405/02/29,417070386234,20818
1403/04/28,باز,3120081470569,33117143,2860357068,سميه مصطفي پور,1,1405/03/28,1405/02/29,417070386234,50493
1403/04/28,باز,3120081367871,19211918,2471638211,حسام الدين غلامي,1,1405/03/28,1405/02/29,417070386234,0
1403/03/28,باز,3120078377002,19338610,1272269493,محمدرضا فدوي اردستاني,1,1405/03/28,1405/02/29,417070386234,1343174
1403/03/28,باز,3120078424357,23398914,926660799,اميرحسين همت زاده كرمانشاهي,1,1405/03/28,1405/02/29,417070386234,0
1403/03/28,باز,3120078422280,53041613,4870264560,زهرا مهاجروطن,1,1405/03/28,1405/02/29,417070386234,0
1403/03/28,باز,3120078467468,52258575,480803072,محمدامين خدامراد,1,1405/03/28,1405/02/29,417070386234,0
1403/04/28,باز,3120081470035,31513063,3934596673,عليرضا اسدي,1,1405/03/28,1405/02/29,417070386234,0
1403/03/28,باز,3120078423668,38309731,3874476634,مريم مالمير,1,1405/03/28,1405/02/29,417070386234,8674688
1403/03/28,مسدودي بستانکار,3120078422144,35059331,2840612976,امين قاسم زاده عيان,1,1405/03/28,1405/02/29,417070386234,0
1403/06/28,باز,3120090927784,38468490,1362455628,علي تقيون مايان,1,1405/03/28,1405/02/29,417070386234,138179685
1403/06/28,باز,3120090888959,6657201,384776477,صديقه سپاسي زنگ آبادي,1,1405/03/28,1405/02/29,417070386234,56713
1403/06/28,باز,3120090939440,47235064,630435391,علي علي پوروحيد,1,1405/03/28,1405/02/29,417070386234,398958
1403/06/28,باز,3120090846485,6401360,2301048063,ناهيد عباسي,1,1405/03/28,1405/02/29,417070386234,0
1403/06/28,باز,3120090935839,21718153,3350162568,ميلاد شعباني,1,1405/03/28,1405/02/29,417070386234,6377
1403/06/28,باز,3120090886102,30229242,4199925686,طاهره كدخدائي,1,1405/03/28,1405/02/29,417070386234,0
1403/06/28,باز,3120090846908,34615949,3241469212,عباس عظيمي,1,1405/03/28,1405/02/29,417070386234,0
1403/06/28,باز,3120090898831,9593180,4990178718,اميرحسين شاه قلي زاده سفيدكوهي,1,1405/03/28,1405/02/29,417070386234,0
1403/06/28,باز,3120090889921,18123335,4421440205,دنيا دهقان پورفراشاه,1,1405/03/28,1405/02/29,417070386234,2926357
1403/06/28,باز,3120090836105,53700834,3610853468,احسان سعادتي منش,1,1405/03/28,1405/02/29,417070386234,0
1403/06/28,باز,3120090889770,30581663,1451657080,علي نوري كله سر,1,1405/03/28,1405/02/29,417070386234,19558
1403/06/28,باز,3120090842888,42230030,4640233345,ابوالفضل سعيدي ابواسحاقي,1,1405/03/28,1405/02/29,417070386234,10154
1403/06/28,باز,3120090881499,55663627,1292635525,حامد اكبري,1,1405/03/28,1405/02/29,417070386234,0
1403/06/28,باز,3120090928413,24015970,6550017726,محمد زارعي محمودآبادي,1,1405/03/28,1405/02/29,417070386234,68543
1403/06/28,باز,3120090839489,36468299,4449394402,محمدجواد قاسمي هفتادر,1,1405/03/28,1405/02/29,417070386234,325555
1403/06/28,باز,3120090837597,36227747,5389929373,زهرا كياني,1,1405/03/28,1405/02/29,417070386234,0
1403/06/28,باز,3120090898226,14822489,2090268913,سيدمحمود عمادي وليكي,1,1405/03/28,1405/02/29,417070386234,0
1403/06/28,باز,3120090930979,57018267,3674255049,معصومه جهان تيغ,1,1405/03/28,1405/02/29,417070386234,143371654
1403/06/28,باز,3120090929043,48201842,6500167635,امير محمودزاده,1,1405/03/28,1405/02/29,417070386234,12159
1403/06/28,باز,3120090887912,29803733,2060399521,حميد كردي,1,1405/03/28,1405/02/29,417070386234,1255627
1403/06/28,باز,3120090845071,45875079,1209871386,زيبا جهان بين,1,1405/03/28,1405/02/29,417070386234,0
1403/06/28,باز,3120090893449,54208620,422028061,نرگس هداوندميرزائي,1,1405/03/28,1405/02/29,417070386234,153455
1403/06/28,باز,3120090898501,22117580,2080295462,صادق سوادكوهي ماهفروجكي,1,1405/03/28,1405/02/29,417070386234,0
1403/06/28,باز,3120090898396,8484949,2080605410,محمد كشيري,1,1405/03/28,1405/02/29,417070386234,0
1403/06/28,باز,3120090848142,28494892,1861753187,رشيد لطيفي باغ ملك,1,1405/03/28,1405/02/29,417070386234,26748
1403/06/28,باز,3120090929649,26672129,6519314498,محمدكاظم اسلامي,1,1405/03/28,1405/02/29,417070386234,442832
1403/06/28,باز,3120090892383,48751045,3071570910,فاطمه شاهمرادي فريدوني,1,1405/03/28,1405/02/29,417070386234,68396
1403/06/28,باز,3120090898842,9784375,2050839936,حسين رمضان نياموزيرجي,1,1405/03/28,1405/02/29,417070386234,0
1403/06/28,باز,3120090885686,46688353,4888978360,سيدقربانعلي قاضوي,1,1405/03/28,1405/02/29,417070386234,1886498
1403/06/28,باز,3120090926859,22650144,2180652208,محمدعلي اشكاران,1,1405/03/28,1405/02/29,417070386234,0
1403/06/28,باز,3120090847435,24147332,4550059354,خاطره رضائي,1,1405/03/28,1405/02/29,417070386234,849315
1403/06/28,باز,3120090938421,23856831,1534034854,وهاب فرج زاده,1,1405/03/28,1405/02/29,417070386234,100668
1403/06/28,باز,3120090896732,16488049,4431762396,مهدي دهقان بنادكي,1,1405/03/28,1405/02/29,417070386234,50771
1403/06/28,باز,3120090941225,34264020,78147190,زينب بابائي,1,1405/03/28,1405/02/29,417070386234,0
1403/06/28,باز,3120090893399,4276868,1292435259,علي رفيعي ماري,1,1405/03/28,1405/02/29,417070386234,0
1403/06/28,بسته,3120090940280,1119818,4449279311,مهدي بنده نياز,1,1405/03/28,1405/02/29,417070386234,0
1403/06/28,باز,3120090840271,16484710,491562748,محبوبه جعفري خيرآبادي,1,1405/03/28,1405/02/29,417070386234,51478
1403/06/28,باز,3120090898589,40448549,2093563207,محمد قاسمي,1,1405/03/28,1405/02/29,417070386234,0
1403/06/28,باز,3120090846021,40120270,4490452241,علي بساطي,1,1405/03/28,1405/02/29,417070386234,149921
1403/06/28,باز,3120090896901,5735095,4431640851,مرتضي زارع,1,1405/03/28,1405/02/29,417070386234,0
1403/06/28,باز,3120090937437,53343309,4519509459,محمود نصراللهي,1,1405/03/28,1405/02/29,417070386234,3770
1403/06/28,باز,3120090898635,19576620,5820067533,هاني كاوياني چراتي,1,1405/03/28,1405/02/29,417070386234,0
1403/06/28,باز,3120090895645,2810152,4679269693,فاطمه رئيسي فيل آبادي,1,1405/03/28,1405/02/29,417070386234,0
1403/06/28,باز,3120090846931,42848646,5049637831,ريحان نوجوان بگديلو,1,1405/03/28,1405/02/29,417070386234,0
1403/06/28,باز,3120090886533,4706400,4570096387,فاطمه شاماني,1,1405/03/28,1405/02/29,417070386234,0
1403/06/28,باز,3120090939091,49953366,6360037114,عهديه علي نژاد,1,1405/03/28,1405/02/29,417070386234,2161273
1403/06/28,باز,3120090897007,36462540,4432346396,سيدحميد وزيري هامانه,1,1405/03/28,1405/02/29,417070386234,0
1403/06/28,باز,3120090889486,11424818,2296335705,ابراهيم مهديان,1,1405/03/28,1405/02/29,417070386234,634977
1403/06/28,باز,3120090897667,35678831,4469908762,رمضان زارع كمالي,1,1405/03/28,1405/02/29,417070386234,0
1403/06/28,باز,3120090843985,34506663,1861664001,سيده مهرنوش موسوي زاده,1,1405/03/28,1405/02/29,417070386234,0
1403/06/28,باز,3120090896673,3758705,4449633520,جلال حاجي حكيمي,1,1405/03/28,1405/02/29,417070386234,5602242
1403/06/28,باز,3120090925265,39048995,933122780,رضا سلامي آل,1,1405/03/28,1405/02/29,417070386234,47290415
1403/06/28,باز,3120090885925,54973967,3920607821,مهدي محسني,1,1405/03/28,1405/02/29,417070386234,25659
1403/06/28,باز,3120090927809,16584054,5419884811,علي جوادي اسدآبادي,1,1405/03/28,1405/02/29,417070386234,21436
1403/06/28,باز,3120090896617,35314045,4430782407,عظيمه جبلي,1,1405/03/28,1405/02/29,417070386234,0
1403/06/28,باز,3120090838488,7530637,3510270010,حميد خليفه,1,1405/03/28,1405/02/29,417070386234,0
1403/06/28,باز,3120090845981,58092146,3500896685,اسماعيل غلام پور,1,1405/03/28,1405/02/29,417070386234,0
1403/06/28,باز,3120090929393,49240997,5069877240,علي احمدي,1,1405/03/28,1405/02/29,417070386234,6395
1403/06/28,باز,3120090935567,3792848,3671989564,احمد لك زائي,1,1405/03/28,1405/02/29,417070386234,39334
1403/06/28,باز,3120090845255,40713963,2280609339,علي غضنفري,1,1405/03/28,1405/02/29,417070386234,27489
1403/06/28,باز,3120090886588,50453981,4420575670,محمدامين اسپرس,1,1405/03/28,1405/02/29,417070386234,5804694
1403/06/28,باز,3120090888186,7159877,1281932965,نسرين موسوي بادجاني,1,1405/03/28,1405/02/29,417070386234,212413
1403/06/28,باز,3120090897656,23214344,5529981186,داود دهقان,1,1405/03/28,1405/02/29,417070386234,1039646
1403/06/28,باز,3120090897357,15271429,4433405132,محسن باقي زرگر,1,1405/03/28,1405/02/29,417070386234,0
1403/06/28,باز,3120090847501,43761939,1274103789,محمدرضا رضائي,1,1405/03/28,1405/02/29,417070386234,195553
1403/06/28,باز,3120090896286,8958340,2899057898,عبداله حسن نژاد,1,1405/03/28,1405/02/29,417070386234,24439988
1403/06/28,باز,3120090927795,29651053,2592284516,حسن مؤمني مباركي,1,1405/03/28,1405/02/29,417070386234,25411
1403/06/28,باز,3120090836787,28562416,1374096296,فاطمه زارعي آبدار,1,1405/03/28,1405/02/29,417070386234,416504
1403/06/28,باز,3120090933946,24608152,3040291981,فاطمه حسني علي آباد,1,1405/03/28,1405/02/29,417070386234,828
1403/06/28,باز,3120090844534,56502142,1741031737,سعيد شرفي,1,1405/03/28,1405/02/29,417070386234,263761
1403/06/28,باز,3120090899106,46964850,2992645184,سحر متقي,1,1405/03/28,1405/02/29,417070386234,25453385
1403/06/28,باز,3120090840144,21247169,2130416160,علي سليماني,1,1405/03/28,1405/02/29,417070386234,2318379
1403/06/28,باز,3120090940835,36428039,4460000911,سيديحيي حسينياء,1,1405/03/28,1405/02/29,417070386234,0
1403/06/28,باز,3120090940198,19252845,5350034431,هانيه شبان فوزي,1,1405/03/28,1405/02/29,417070386234,8164809
1403/06/28,باز,3120090844887,54098500,5559964883,خديجه كريمي,1,1405/03/28,1405/02/29,417070386234,35575
1403/06/28,باز,3120090930250,56942551,1754906303,حسين عامري,1,1405/03/28,1405/02/29,417070386234,37168
1403/06/28,باز,3120090841499,56875341,2471653200,مهدي طهماسبي پور,1,1405/03/28,1405/02/29,417070386234,1890958
1403/06/28,باز,3120090890855,57262487,2143194501,ماشااله قلي زاده پاريمه,1,1405/03/28,1405/02/29,417070386234,841663
1403/06/28,باز,3120090936917,56943252,2080823681,سيده اسراء كلانتري,1,1405/03/28,1405/02/29,417070386234,0
1403/06/28,باز,3120090937268,1312018,6800043540,علي بوعذار,1,1405/03/28,1405/02/29,417070386234,1192675
1403/06/28,باز,3120090836628,1791502,5260467922,امين يزداني محمودي,1,1405/03/28,1405/02/29,417070386234,12920
1403/06/28,باز,3120090898215,57113704,2090280832,رضا رضواني حاجيكلائي,1,1405/03/28,1405/02/29,417070386234,0
1403/06/28,باز,3120090844717,42171770,4031996837,قربانعلي آذرنياكمال,1,1405/03/28,1405/02/29,417070386234,52041
1403/06/28,باز,3120090935316,12649289,4489644841,طاهره خوشكام,1,1405/03/28,1405/02/29,417070386234,0
1403/06/28,باز,3120090847012,43704971,6230016869,علي صولتي خواجه مرجان,1,1405/03/28,1405/02/29,417070386234,0
1403/06/28,باز,3120090897313,43878723,3031959582,محمدعلي كچمي ملائي,1,1405/03/28,1405/02/29,417070386234,0
1403/06/28,باز,3120090896183,40165128,1379353815,ليلا عليزادهءارا,1,1405/03/28,1405/02/29,417070386234,680892
1403/06/28,باز,3120090836194,7249170,622306537,حميد ذاكري,1,1405/03/28,1405/02/29,417070386234,0
1403/06/28,باز,3120090839733,59413256,2660244316,ميلاد سعيدي لادمخي,1,1405/03/28,1405/02/29,417070386234,1887867
1403/06/28,مسدودي بدهکار,3120090836592,25088110,3240699540,پژمان عزتي,1,1405/03/28,1405/02/29,417070386234,0
1403/06/28,باز,3120090841035,25045165,3860923331,فائزه نجفي فرد,1,1405/03/28,1405/02/29,417070386234,374379
1403/06/28,باز,3120090941421,50231297,2062215584,فريده برزگرتهمتن,1,1405/03/28,1405/02/29,417070386234,11045508
1403/06/28,باز,3120090941247,2986301,5439892516,عباس پاكاري مروست,1,1405/03/28,1405/02/29,417070386234,0
1403/06/28,باز,3120090898956,20306809,3309330184,حميرا عباس آبادي,1,1405/03/28,1405/02/29,417070386234,288767
1403/06/28,باز,3120090934904,50491281,63771667,محمد فتحي,1,1405/03/28,1405/02/29,417070386234,3213
1403/06/28,باز,3120090897701,54155057,4432417692,حسين زارع,1,1405/03/28,1405/02/29,417070386234,16758410
1403/06/28,باز,3120090894415,27972807,750180056,محمد حسين پور,1,1405/03/28,1405/02/29,417070386234,6216
1403/06/28,باز,3120090939150,21466734,640900089,محمدرضا عوضي پور,1,1405/03/28,1405/02/29,417070386234,0
1403/06/28,باز,3120090941236,9552033,4433238971,سيدرضا طباطبائي ندوشن,1,1405/03/28,1405/02/29,417070386234,0
1403/06/28,باز,3120090934212,42769550,2420900138,مهدي فلاحي,1,1405/03/28,1405/02/29,417070386234,492139
1403/06/28,باز,3120090835818,6412777,1601061447,شهباز نورمحمدي,1,1405/03/28,1405/02/29,417070386234,5161647
1403/06/28,باز,3120090938793,11749247,3100006593,فرزانه شمالي,1,1405/03/28,1405/02/29,417070386234,114618
1403/06/28,باز,3120090898646,22010168,2080765957,محمد رضائي حاجي كلائي,1,1405/03/28,1405/02/29,417070386234,0
1403/06/28,باز,3120090928468,49955790,6170088631,صابر عباسيان ملاباقرفرد,1,1405/03/28,1405/02/29,417070386234,0
1403/06/28,باز,3120090890927,30464289,58734678,محمود زارعي,1,1405/03/28,1405/02/29,417070386234,3379638
1403/06/28,باز,3120090844773,51430224,24461040,حديثه مهري,1,1405/03/28,1405/02/29,417070386234,0
1403/06/28,باز,3120090890239,23515424,2993850830,امين لري اسفندقه,1,1405/03/28,1405/02/29,417070386234,4228847
1403/06/28,باز,3120090838727,56910123,310888948,پريسا فتحي,1,1405/03/28,1405/02/29,417070386234,287020
1403/06/28,باز,3120090897756,27420378,2591116083,غلامرضا پيشه وربوساري,1,1405/03/28,1405/02/29,417070386234,1792403
1403/06/28,باز,3120090848960,17331272,2649394651,احمد عاشوري خمامي,1,1405/03/28,1405/02/29,417070386234,8550
1403/06/28,باز,3120090898156,47019913,6800072011,حسن بوعذار,1,1405/03/28,1405/02/29,417070386234,145384
1403/06/28,باز,3120090883996,42149645,2742340475,محمد شاه حسيني,1,1405/03/28,1405/02/29,417070386234,169863
1403/06/28,باز,3120090896208,52554864,14009679511,ماکان پليمر کوير يزد ,2,1405/03/28,1405/02/29,417070386234,2813612
1403/06/28,باز,3120090934890,42588990,2063669023,سليمه سعادت اطاقسرائي,1,1405/03/28,1405/02/29,417070386234,27239
1403/06/28,باز,3120090937459,56657678,2430245655,صفر دبيري,1,1405/03/28,1405/02/29,417070386234,0
1403/06/28,باز,3120090897601,48852943,4432457872,محمدكاظم شاهي,1,1405/03/28,1405/02/29,417070386234,16950
1403/06/28,باز,3120090938988,52984126,3780785447,دلكش آوجيان,1,1405/03/28,1405/02/29,417070386234,3421312
1403/06/28,باز,3120090834552,56625278,1744280479,بهارسادات بزاز جزايري,1,1405/03/28,1405/02/29,417070386234,92040
1403/06/28,باز,3120090931890,22167898,1292600047,پيمان كاوه,1,1405/03/28,1405/02/29,417070386234,0
1403/06/28,باز,3120090898749,1170320,2050895623,جواد جعفري تيجي,1,1405/03/28,1405/02/29,417070386234,0
1403/06/28,باز,3120090939651,58781401,1980362130,محمدحسن بيت سعيد,1,1405/03/28,1405/02/29,417070386234,282648
1403/06/28,باز,3120090848005,19413759,3490512278,اصلان رئيسي منش,1,1405/03/28,1405/02/29,417070386234,0
1403/06/28,باز,3120090897220,59082191,5529926207,داود فلاح بنادكوكي,1,1405/03/28,1405/02/29,417070386234,0
1403/06/28,باز,3120090846805,7873297,6800015997,صادق بوعذار,1,1405/03/28,1405/02/29,417070386234,169897283
1403/06/28,باز,3120090940541,31493009,4431924973,سعيد لطفي جوزم,1,1405/03/28,1405/02/29,417070386234,0
1403/06/28,باز,3120090845723,25609293,4859941101,الهام رفيعي,1,1405/03/28,1405/02/29,417070386234,47669
1403/06/28,باز,3120090894176,44877732,4591372642,مرتضي عجم نوروزي,1,1405/03/28,1405/02/29,417070386234,0
1403/06/28,باز,3120090884506,3460185,6169709812,محمدجواد حسيني,1,1405/03/28,1405/02/29,417070386234,520403251
1403/06/28,باز,3120090848492,3114468,941595307,احسان فرشي فريد,1,1405/03/28,1405/02/29,417070386234,12400
1403/06/28,باز,3120090937235,56968349,1367031184,علي محمدزاده,1,1405/03/28,1405/02/29,417070386234,60305
1403/06/28,باز,3120090889419,45989713,3641044685,مجيب درازهي,1,1405/03/28,1405/02/29,417070386234,43177
1403/06/28,باز,3120090926848,15306981,3610848243,آزاده علي پور,1,1405/03/28,1405/02/29,417070386234,84931
1403/06/28,باز,3120090836013,16241904,2871358788,عثمان ابراهيمي,1,1405/03/28,1405/02/29,417070386234,29628
1403/06/28,باز,3120090898385,6901938,2093767351,محسن جعفري ماهفروجكي,1,1405/03/28,1405/02/29,417070386234,0
1403/06/28,باز,3120090939709,31398819,1465402918,اسلام جعفري شاعرلر,1,1405/03/28,1405/02/29,417070386234,3172170
1403/06/28,باز,3120090898329,43096438,5769955406,محمدحسين ابراهيم نژادكياسري,1,1405/03/28,1405/02/29,417070386234,0
1403/06/28,باز,3120090889131,30543850,3950215786,حميد كرمي,1,1405/03/28,1405/02/29,417070386234,16996
1403/06/28,باز,3120090930320,34922386,2420925025,محمدمهدي اسدي,1,1405/03/28,1405/02/29,417070386234,199
1403/06/28,باز,3120090887240,42588984,2491591766,كبري نادعلي زاده,1,1405/03/28,1405/02/29,417070386234,0
1403/06/28,باز,3120090848948,398434,1050528980,مائده شادابي,1,1405/03/28,1405/02/29,417070386234,76079480
1403/06/28,باز,3120090847354,35717012,3750102600,آزاد علائي,1,1405/03/28,1405/02/29,417070386234,0
1403/06/28,باز,3120090890217,45266848,652257488,اسماعيل بهارشاهي,1,1405/03/28,1405/02/29,417070386234,3500211
1403/06/28,باز,3120090897575,15936571,4449978080,علي اصغر اميري هفتادر,1,1405/03/28,1405/02/29,417070386234,0
1403/06/28,باز,3120090846555,5777260,2860616799,عبدالله دستي,1,1405/03/28,1405/02/29,417070386234,42892
1403/06/28,باز,3120090848325,35186180,1980256063,علي ثعلبي,1,1405/03/28,1405/02/29,417070386234,133943
1403/06/28,باز,3120090837449,30725471,3252215373,نورخدا رحيمي,1,1405/03/28,1405/02/29,417070386234,156333
1403/06/28,باز,3120090927946,6118347,2572610787,فاطمه زرندي,1,1405/03/28,1405/02/29,417070386234,0
1403/06/28,باز,3120090929201,27102503,4449557166,رمضانعلي معصومي اردكاني,1,1405/03/28,1405/02/29,417070386234,368182980
1403/06/28,باز,3120090884489,16140896,3340136629,سعيد صيفوري,1,1405/03/28,1405/02/29,417070386234,93522
1403/06/28,باز,3120090845491,8584919,3732192636,پيمان مربوتي,1,1405/03/28,1405/02/29,417070386234,306775593
1403/06/28,باز,3120090845082,36247093,1171360517,فرشاد عربان,1,1405/03/28,1405/02/29,417070386234,0
1403/06/28,باز,3120090929315,3668721,4440037755,امير مهدي زاده اردكاني,1,1405/03/28,1405/02/29,417070386234,35687260
1403/06/28,باز,3120090937367,22780327,1980239215,سجاد فصيحيان,1,1405/03/28,1405/02/29,417070386234,45733
1403/06/28,باز,3120090897242,12038965,72276606,محمدحسين بي چلي,1,1405/03/28,1405/02/29,417070386234,6737
1403/06/28,باز,3120090845004,22062860,83344764,جاويد مرادي شاغونكشي,1,1405/03/28,1405/02/29,417070386234,1200077
1403/06/28,باز,3120090837736,15911059,1382075642,بهزاد چراغ چشم,1,1405/03/28,1405/02/29,417070386234,58704
1403/06/28,باز,3120090936333,41255587,1743499272,علي كعب عمير,1,1405/03/28,1405/02/29,417070386234,103565
1403/06/28,باز,3120090846768,8402803,4880084557,احسان اسدي دوپيه آباد,1,1405/03/28,1405/02/29,417070386234,0
1403/06/28,باز,3120090885004,59368243,2860417575,اوين حسين پور,1,1405/03/28,1405/02/29,417070386234,804619
1403/06/28,باز,3120090933332,14550375,5239156859,عليرضا فرهادي,1,1405/03/28,1405/02/29,417070386234,2007078
1403/06/28,باز,3120090888414,10110744,1742331513,فوأد يوسفي مفرد,1,1405/03/28,1405/02/29,417070386234,2188551
1403/06/28,باز,3120090941164,44052987,4433333980,امير لشكري,1,1405/03/28,1405/02/29,417070386234,0
1403/06/28,باز,3120090841307,1582994,3849870529,هلاله خنداني,1,1405/03/28,1405/02/29,417070386234,0
1403/06/28,باز,3120090843543,3399197,2830699432,ميترا صادقي,1,1405/03/28,1405/02/29,417070386234,0
1403/06/28,باز,3120090846779,13194049,872949125,ابوطالب مطلبي,1,1405/03/28,1405/02/29,417070386234,127267
1403/06/28,باز,3120090898341,12254641,4990000366,علي صيدي,1,1405/03/28,1405/02/29,417070386234,0
1403/06/28,باز,3120090893322,18369929,2500229671,محمدحسن غلامي,1,1405/03/28,1405/02/29,417070386234,0
1403/06/28,باز,3120090935099,31176148,3849078655,زبيده محمودي پور,1,1405/03/28,1405/02/29,417070386234,11920
1403/06/28,باز,3120090887468,57445480,770052754,شهريار طالبيان,1,1405/03/28,1405/02/29,417070386234,33248452
1403/06/28,باز,3120090842423,38619044,4999880326,سيده زينب محمدي قلعه سري,1,1405/03/28,1405/02/29,417070386234,0
1403/06/28,باز,3120090839391,27635461,5730128967,علي سيرغاني,1,1405/03/28,1405/02/29,417070386234,404
1403/06/28,باز,3120090897177,42529559,4470012378,علي محمد فلاح بهابادي,1,1405/03/28,1405/02/29,417070386234,0
1403/06/28,باز,3120090940633,3509187,4420381922,ميلاد اسداله پورفلاح,1,1405/03/28,1405/02/29,417070386234,0
1403/06/28,باز,3120090839685,31199818,3380544418,آزرميدخت زينلي,1,1405/03/28,1405/02/29,417070386234,0
1403/06/28,باز,3120090849202,27255876,322572673,مريم جعفري سروجهاني,1,1405/03/28,1405/02/29,417070386234,240
1403/06/28,باز,3120090939389,30703077,1689518601,رامين شريفي,1,1405/03/28,1405/02/29,417070386234,100909
1403/06/28,باز,3120090847295,43967753,3258523312,حديث كرمي,1,1405/03/28,1405/02/29,417070386234,3823
1403/06/28,باز,3120090888960,20404084,5309847480,سيدعلي شاهوراني,1,1405/03/28,1405/02/29,417070386234,1690986
1403/06/28,باز,3120090899173,45776300,36676217,عليرضا شاه ميرزائي مقدم,1,1405/03/28,1405/02/29,417070386234,304366
1403/06/28,بسته,3120090898189,30378124,4830101377,سيدعليرضا مطهري كلارستاقي,1,1405/03/28,1405/02/29,417070386234,0
1403/06/28,باز,3120090846920,48025069,3100144554,رضا يوسف زاده ميجي,1,1405/03/28,1405/02/29,417070386234,15938
1403/06/28,باز,3120090845947,34563953,2170437241,فاطمه نجفي,1,1405/03/28,1405/02/29,417070386234,2669473
1403/06/28,باز,3120090935692,16906029,3750473943,آريا مرادي,1,1405/03/28,1405/02/29,417070386234,60
1403/06/28,باز,3120090887424,25373740,66867819,حميدرضا طبرزدي,1,1405/03/28,1405/02/29,417070386234,1666776
1403/06/28,باز,3120090840825,19351666,859858405,مهدي زيبائيان,1,1405/03/28,1405/02/29,417070386234,157075
1403/06/28,باز,3120090897645,37009893,3130906363,محمدعلي سلطاني نژاد,1,1405/03/28,1405/02/29,417070386234,0
1403/06/28,باز,3120090846201,1536396,1810033888,غلامرضا غريبي,1,1405/03/28,1405/02/29,417070386234,19231175
1403/06/28,باز,3120090926532,34279180,68561229,فرشيد نجاتي,1,1405/03/28,1405/02/29,417070386234,0
1403/06/28,باز,3120090929827,17709133,4420320729,مهدي محمدي عزيزآبادي,1,1405/03/28,1405/02/29,417070386234,280341
1403/06/28,باز,3120090928712,14837011,6569905945,احمد آذري,1,1405/03/28,1405/02/29,417070386234,380465781
1403/06/28,باز,3120090841705,16191492,2650259531,اميرمحمد كشتكارفتحكوهي,1,1405/03/28,1405/02/29,417070386234,0
1403/06/28,باز,3120090937857,49721077,2889832971,هيرو مولائي,1,1405/03/28,1405/02/29,417070386234,12308
1403/06/28,باز,3120090883473,33979072,1288861435,منيژه سبزعليان دستجردي,1,1405/03/28,1405/02/29,417070386234,60421
1403/06/28,باز,3120090846735,38906115,3559742439,احمد محمدي,1,1405/03/28,1405/02/29,417070386234,3535937
1403/06/28,باز,3120090940994,32760579,5439949305,ابوالفضل وكيلي قاسم آباد,1,1405/03/28,1405/02/29,417070386234,0
1403/06/28,باز,3120090842173,18702869,6299946652,تهمينه نادري بلداجي,1,1405/03/28,1405/02/29,417070386234,257923
1403/06/28,باز,3120090934676,54506297,2410949371,تورج مرادي مهرآبادي,1,1405/03/28,1405/02/29,417070386234,28595692
1403/06/28,باز,3120090893638,50571057,3160133532,مجيد خوراهه,1,1405/03/28,1405/02/29,417070386234,4891
1403/06/28,باز,3120090838864,11627120,2380371458,اسماعيل افشون,1,1405/03/28,1405/02/29,417070386234,0
1403/06/28,باز,3120090848119,49466419,13863411,سميرا باژدار,1,1405/03/28,1405/02/29,417070386234,58032
1403/06/28,باز,3120090843767,15517814,3051417981,محمدجليل عباسي دخت رفسنجاني,1,1405/03/28,1405/02/29,417070386234,99715
1403/06/28,مسدودي بدهکار,3120090834677,5399134,3060316724,سجاد حقانيت,1,1405/03/28,1405/02/29,417070386234,0
1403/06/28,باز,3120090887387,25368893,3381426370,محمد پوراحمدي نخلي,1,1405/03/28,1405/02/29,417070386234,15116
1403/06/28,باز,3120090888164,22855963,6149797147,حمزه علي محمدي,1,1405/03/28,1405/02/29,417070386234,0
1403/06/28,باز,3120090896989,42529181,4432355387,سيدعلي محمد ميرجليلي,1,1405/03/28,1405/02/29,417070386234,0
1403/06/28,باز,3120090848971,19423795,1910218782,طمراس صفائي,1,1405/03/28,1405/02/29,417070386234,387488
1403/06/28,باز,3120090843231,31294546,941432920,مليحه صفدري,1,1405/03/28,1405/02/29,417070386234,3712
1403/06/28,باز,3120090885446,13383592,5769941774,سيدجلال موسوي سنام,1,1405/03/28,1405/02/29,417070386234,0
1403/06/28,باز,3120090889077,34032848,4830124814,زهرا محمدزاده,1,1405/03/28,1405/02/29,417070386234,765456
1403/06/28,باز,3120090894006,37543870,491610114,مهدي قرباني مقدم,1,1405/03/28,1405/02/29,417070386234,14628
1403/06/28,باز,3120090936229,49948643,839976003,ام البنين يزدان پناه,1,1405/03/28,1405/02/29,417070386234,0
1403/06/28,باز,3120090885299,53965277,2802408941,زري اسماعيل لو,1,1405/03/28,1405/02/29,417070386234,151178
1403/06/28,باز,3120090847866,49921223,2370307455,زهره معرف,1,1405/03/28,1405/02/29,417070386234,1753175
1403/06/28,باز,3120090847413,56970581,1757636341,محمود دورقي,1,1405/03/28,1405/02/29,417070386234,25154
1403/06/28,باز,3120090887923,3760159,741072017,احمد فاروغي,1,1405/03/28,1405/02/29,417070386234,113067
1403/06/28,باز,3120090938269,28791460,4469672386,جميله زارع زاده مهريزي,1,1405/03/28,1405/02/29,417070386234,634906
1403/06/28,باز,3120090892191,28777419,2929104538,آلتون ادبي,1,1405/03/28,1405/02/29,417070386234,77230
1403/06/28,باز,3120090897302,25767785,5039763506,ايمان رستمي,1,1405/03/28,1405/02/29,417070386234,0
1403/06/28,باز,3120090890125,32181517,1271697671,سيدمحمدرضا تقوي دهاقاني,1,1405/03/28,1405/02/29,417070386234,0
1403/06/28,باز,3120090886631,42149571,639432115,سيدابوالفضل رباني,1,1405/03/28,1405/02/29,417070386234,90548
1403/06/28,باز,3120090842957,28975777,6029300261,بهمن بهلولي خاكي,1,1405/03/28,1405/02/29,417070386234,45264
1403/06/28,باز,3120090887262,42594172,4160594565,حسن شيري,1,1405/03/28,1405/02/29,417070386234,1016645
1403/06/28,باز,3120090889910,45886304,6500065409,حسين محمدي خالص,1,1405/03/28,1405/02/29,417070386234,30499
1403/06/28,باز,3120090935279,52743846,2440605050,فاطمه صيادي,1,1405/03/28,1405/02/29,417070386234,8815
1403/06/28,باز,3120090933718,57537335,1900235374,رضا بلواسي,1,1405/03/28,1405/02/29,417070386234,349105
1403/06/28,باز,3120090897018,47744873,4460017131,حميد پلوئي,1,1405/03/28,1405/02/29,417070386234,0
1403/06/28,باز,3120090940459,8803829,4431820124,اميد شمسي,1,1405/03/28,1405/02/29,417070386234,0
1403/06/28,باز,3120090898613,35259164,2080664166,رضا فغاني ابوخيلي,1,1405/03/28,1405/02/29,417070386234,0
1403/06/28,باز,3120090929650,54526638,4270340797,ولي اله بيات,1,1405/03/28,1405/02/29,417070386234,4775509
1403/06/28,باز,3120090836116,52300265,24289078,رضا ترك پور,1,1405/03/28,1405/02/29,417070386234,1176662
1403/06/28,باز,3120090934334,15382751,2130234461,سيدمحمد خدمتي,1,1405/03/28,1405/02/29,417070386234,163747
1403/06/28,باز,3120090844784,13373352,4431730265,سيدعلي كمال الديني,1,1405/03/28,1405/02/29,417070386234,856
1403/06/28,باز,3120090886359,39756555,2560589362,ياسمن لبوحسيني,1,1405/03/28,1405/02/29,417070386234,0
1403/06/28,باز,3120090842696,37114681,1382461739,امين پورستارويجويه,1,1405/03/28,1405/02/29,417070386234,0
1403/06/28,باز,3120090844578,2698942,1819863816,ابراهيم عفراوي,1,1405/03/28,1405/02/29,417070386234,360162
1403/06/28,باز,3120090894622,35216945,2090248319,ليلا شجاعي كاريزكي,1,1405/03/28,1405/02/29,417070386234,1271787
1403/06/28,باز,3120090845653,47152414,4240284546,صادق اختري,1,1405/03/28,1405/02/29,417070386234,2243
1403/06/28,باز,3120090937109,27752572,1742649041,رضا طرفي,1,1405/03/28,1405/02/29,417070386234,4304
1403/06/28,باز,3120090898499,9637306,2050144611,ميلاد رحيمي,1,1405/03/28,1405/02/29,417070386234,0
1403/06/28,باز,3120090938524,54431240,4459340305,مصطفي اسمعيلي تفتي,1,1405/03/28,1405/02/29,417070386234,1152387
1403/06/28,باز,3120090892703,51171774,1500686281,محمد كريم زاده گليزه,1,1405/03/28,1405/02/29,417070386234,2328173
1403/06/28,باز,3120090888290,21047160,5429760242,محمود عادل زاده,1,1405/03/28,1405/02/29,417070386234,25016905
1403/06/28,باز,3120090837096,57242733,6500018923,جواد صداقتي پاكزاد,1,1405/03/28,1405/02/29,417070386234,826809
1403/06/28,باز,3120090842899,18082040,3479750291,حسن حسن زاده باينوجي,1,1405/03/28,1405/02/29,417070386234,79576
1403/06/28,باز,3120090897188,54003743,4420232404,محمدحسين دشتي,1,1405/03/28,1405/02/29,417070386234,0
1403/06/28,باز,3120090883178,18815862,2560324016,فائزه رحيمي,1,1405/03/28,1405/02/29,417070386234,645730
1403/06/28,باز,3120090836080,8453073,652296238,محمد جاني,1,1405/03/28,1405/02/29,417070386234,25402
1403/06/28,باز,3120090896592,21264065,4460055228,ابوالفضل برزگرمروست,1,1405/03/28,1405/02/29,417070386234,0
1403/06/28,باز,3120090836978,31599346,2754628134,معصومه روحي,1,1405/03/28,1405/02/29,417070386234,88306
1403/06/28,باز,3120090842515,19404526,2143339372,سيدحسن حسيني مرزنگو,1,1405/03/28,1405/02/29,417070386234,6284
1403/06/28,باز,3120090927331,59480460,383794838,عليه لب چالي,1,1405/03/28,1405/02/29,417070386234,7711350
1403/06/28,باز,3120090889895,43050479,3873430487,آرزو نجاتيان تنها,1,1405/03/28,1405/02/29,417070386234,16
1403/06/28,باز,3120090898400,56429779,2150022461,شجاع باقري دوكي,1,1405/03/28,1405/02/29,417070386234,0
1403/06/28,باز,3120090845222,36485264,691102457,رضا اسدي خدابندهء,1,1405/03/28,1405/02/29,417070386234,141933
1403/06/28,باز,3120090883952,17380581,76243656,مهدي طاعتي,1,1405/03/28,1405/02/29,417070386234,3144
1403/06/28,باز,3120090843189,23929288,532946741,داود اميدي,1,1405/03/28,1405/02/29,417070386234,134823
1403/06/28,باز,3120090898750,41981221,2080643851,محمدحسين رنجبرورندي,1,1405/03/28,1405/02/29,417070386234,0
1403/06/28,باز,3120090933158,42087392,480599041,يوسف واجدي جوقان,1,1405/03/28,1405/02/29,417070386234,1046476
1403/06/28,باز,3120090888867,5715491,2090661100,سكينه فلاح پچتي,1,1405/03/28,1405/02/29,417070386234,160010
1403/06/28,باز,3120090930773,23663492,2751643310,نيمتاج آقازاده مقدم,1,1405/03/28,1405/02/29,417070386234,0
1403/06/28,باز,3120090898705,22984898,2080878794,مهدي دياني تيلكي,1,1405/03/28,1405/02/29,417070386234,0
1403/06/28,باز,3120090941197,11241609,5529617662,احمدعلي زارع زرديني,1,1405/03/28,1405/02/29,417070386234,0
1403/06/28,باز,3120090884843,55311133,2481308451,نازنين شعباني راد,1,1405/03/28,1405/02/29,417070386234,2365
1403/06/28,باز,3120090928037,31038913,933511930,مريم علي پور,1,1405/03/28,1405/02/29,417070386234,24477
1403/06/28,باز,3120090896367,55839794,5040604246,مبين محمدقلي زاده,1,1405/03/28,1405/02/29,417070386234,223233
1403/06/28,باز,3120090940040,55433726,20258054,فاطمه سادات ميري گولك,1,1405/03/28,1405/02/29,417070386234,458324
1403/06/28,باز,3120090841091,56230587,49640585,قاسم فراهاني عليا,1,1405/03/28,1405/02/29,417070386234,59993
1403/06/28,باز,3120090926212,3596502,3051681210,مجيد شريفي,1,1405/03/28,1405/02/29,417070386234,97193
1403/06/28,باز,3120090888072,26566527,2480200264,طيبه وفائي نژاد,1,1405/03/28,1405/02/29,417070386234,77416
1403/06/28,باز,3120090884180,49466421,3863305612,يسنا هدايتي آرام,1,1405/03/28,1405/02/29,417070386234,1697780
1403/06/28,باز,3120090846009,38309488,1060835551,براتعلي ساقي,1,1405/03/28,1405/02/29,417070386234,0
1403/06/28,باز,3120090932544,23118142,2511508834,عليرضا نوروزي,1,1405/03/28,1405/02/29,417070386234,2724
1403/06/28,باز,3120090844180,42714055,5089219801,مريم مافي,1,1405/03/28,1405/02/29,417070386234,16468823
1403/06/28,باز,3120090885583,20373085,312332718,مهرداد كريمي,1,1405/03/28,1405/02/29,417070386234,39329
1403/06/28,باز,3120090839324,31480047,4469503339,هادي چاه مورتيني,1,1405/03/28,1405/02/29,417070386234,220
1403/06/28,باز,3120090799200,40508200,5579338732,رضا مرادي,1,1405/03/28,1405/02/29,417070386234,120313
1403/06/28,باز,3120090925173,10781681,2297031890,رضا نعمت الهي,1,1405/03/28,1405/02/29,417070386234,2466418
1403/06/28,باز,3120090846278,49789871,5040237650,شهين اسدزاده اجيرلو,1,1405/03/28,1405/02/29,417070386234,0
1403/06/28,باز,3120090927272,16562590,2539683991,فاطمه صفري,1,1405/03/28,1405/02/29,417070386234,0
1403/06/28,باز,3120090889578,42040865,4970247927,سميرا كردي,1,1405/03/28,1405/02/29,417070386234,11185
1403/06/28,باز,3120090887615,39756554,2530179905,فرزانه جمشيدي,1,1405/03/28,1405/02/29,417070386234,0
1403/06/28,باز,3120090927739,13130655,3873385562,بابك باراني,1,1405/03/28,1405/02/29,417070386234,137170
1403/06/28,باز,3120090886010,55279257,889384576,زهره خسروي نوقاب,1,1405/03/28,1405/02/29,417070386234,358769
1403/06/28,باز,3120090846290,53021340,1190349973,ياسمن سادات حسيني,1,1405/03/28,1405/02/29,417070386234,1178494
1403/06/28,باز,3120090894367,55421869,3790122254,عبداله منصوري,1,1405/03/28,1405/02/29,417070386234,86557
1403/06/28,باز,3120090927603,59153021,2889066959,چيمن عشقي,1,1405/03/28,1405/02/29,417070386234,31678
1403/06/28,باز,3120090838145,37042406,3149925681,سميه عبدلي مسينان,1,1405/03/28,1405/02/29,417070386234,72765
1403/06/28,باز,3120090847671,39608483,4073156349,طيبه ميرزائي فر,1,1405/03/28,1405/02/29,417070386234,0
1403/06/28,باز,3120090883929,51113152,781270278,معين اناركي رباطي,1,1405/03/28,1405/02/29,417070386234,7763
1403/06/28,باز,3120090927456,28659401,6839888193,مهدي اسماعيل پور,1,1405/03/28,1405/02/29,417070386234,0
1403/06/28,باز,3120090941001,34043972,4469724671,احمد اسمعيلي زيني,1,1405/03/28,1405/02/29,417070386234,0
1403/06/28,باز,3120090889862,11477264,890707642,عباس توكلي,1,1405/03/28,1405/02/29,417070386234,2459
1403/06/28,باز,3120090926756,27123123,6839482650,فاطمه حاتم اربابي,1,1405/03/28,1405/02/29,417070386234,5914632
1403/06/28,باز,3120090896323,47430599,6609660662,فاطمه اكبري دستجردي,1,1405/03/28,1405/02/29,417070386234,187116
1403/06/28,باز,3120090835513,6017669,5929581551,سيدحجت اله نوروزي,1,1405/03/28,1405/02/29,417070386234,383003
1403/06/28,باز,3120090847545,20854141,3071923546,جواد پورفريدوني,1,1405/03/28,1405/02/29,417070386234,809612
1403/06/28,باز,3120090840634,45211164,82961964,سپيده رضاعلي,1,1405/03/28,1405/02/29,417070386234,278821
1403/06/28,باز,3120090894655,5617632,4889642137,صغرا ملگان,1,1405/03/28,1405/02/29,417070386234,200681819
1403/06/28,باز,3120090897634,33871240,4432870915,سمانه صلاح نسب,1,1405/03/28,1405/02/29,417070386234,0
1403/06/28,باز,3120090933545,27616810,6609917299,سهيلا داوري,1,1405/03/28,1405/02/29,417070386234,518736
1403/06/28,باز,3120090893932,41247239,4051747751,فرحناز نيك پور,1,1405/03/28,1405/02/29,417070386234,0
1403/06/28,باز,3120090937916,42895919,2063713359,عين اله مسلم زاده گتابي,1,1405/03/28,1405/02/29,417070386234,50207357
1403/06/28,باز,3120090836857,50024505,1463719825,سيدتراب آقائي ايوريق,1,1405/03/28,1405/02/29,417070386234,621348
1403/06/28,باز,3120090883985,8962419,6350004426,هادي عفتي باغ محله,1,1405/03/28,1405/02/29,417070386234,135094
1403/06/28,باز,3120090844250,56946191,3120100331,پرياالسادات روحاني,1,1405/03/28,1405/02/29,417070386234,120709
1403/06/28,باز,3120090882894,35705580,3860916866,نيما باب الحوائجي,1,1405/03/28,1405/02/29,417070386234,43162
1403/06/28,باز,3120090927375,56473050,2170308083,زهرا كريمي,1,1405/03/28,1405/02/29,417070386234,0
1403/06/28,باز,3120090837612,59555536,1100569596,محمدرضا رئيسي پورچهرازي,1,1405/03/28,1405/02/29,417070386234,120032
1403/06/28,باز,3120090941186,3520956,4449908961,مسلم ناصري وراعون,1,1405/03/28,1405/02/29,417070386234,6964383
1403/06/28,باز,3120090939390,26675990,5450064403,مهدي سليمي,1,1405/03/28,1405/02/29,417070386234,140920
1403/06/28,باز,3120090847763,29373952,1583152350,قاسم كامران,1,1405/03/28,1405/02/29,417070386234,12447
1403/06/28,باز,3120090936023,10022843,590455877,اميرمحمد روستائي,1,1405/03/28,1405/02/29,417070386234,161462
1403/06/28,باز,3120090929616,37630261,2064358439,ولي اصغري,1,1405/03/28,1405/02/29,417070386234,24324
1403/06/28,باز,3120090840803,42207678,4433566535,احمد يوسفي,1,1405/03/28,1405/02/29,417070386234,0
1403/06/28,باز,3120090925445,51877972,451597540,هادي احمدي,1,1405/03/28,1405/02/29,417070386234,24938
1403/06/28,باز,3120090925346,8803475,310652881,مهدي اسمعيل پوركيائي,1,1405/03/28,1405/02/29,417070386234,0
1403/06/28,باز,3120090889033,52511022,704011522,فاطمه حسينعلي زاده,1,1405/03/28,1405/02/29,417070386234,24562
1403/06/28,باز,3120090893160,46883010,944524796,محمد خاكره,1,1405/03/28,1405/02/29,417070386234,16974173
1403/06/28,باز,3120090894764,38921324,1756064873,زينب زغيرزاده احمدي,1,1405/03/28,1405/02/29,417070386234,1755699
1403/06/28,باز,3120090895410,57149454,4270336439,فاطمه حسني,1,1405/03/28,1405/02/29,417070386234,21858
1403/06/28,باز,3120090936995,55711865,5799732448,رستمعلي زكيان,1,1405/03/28,1405/02/29,417070386234,0
1403/06/28,باز,3120090843064,43705310,4440122590,جواد ادبي اردكاني,1,1405/03/28,1405/02/29,417070386234,0
1403/06/28,باز,3120090940972,29149742,5439780361,محمدرضا يزداني,1,1405/03/28,1405/02/29,417070386234,98351
1403/06/28,باز,3120090841820,41540819,2400208840,حسين سلماني,1,1405/03/28,1405/02/29,417070386234,54302542
1403/06/28,باز,3120090839195,31910774,2279280493,زينت سليمان نژاد,1,1405/03/28,1405/02/29,417070386234,1846867
1403/06/28,مسدودي بدهکار,3120090932920,18205442,5489457732,چمران غلامي,1,1405/03/28,1405/02/29,417070386234,138446441
1403/06/28,باز,3120090891289,11692463,4209406279,داراب الفتي گلام بحري,1,1405/03/28,1405/02/29,417070386234,144339
1403/06/28,باز,3120090938807,48671169,3370029308,ليلا قادرجگرلوئي,1,1405/03/28,1405/02/29,417070386234,160673
1403/06/28,باز,3120090932533,38702566,6250043195,حميد بهرامي,1,1405/03/28,1405/02/29,417070386234,69629
1403/06/28,باز,3120090799152,4921404,3130520872,فاطمه مرادي كر,1,1405/03/28,1405/02/29,417070386234,69134
1403/06/28,باز,3120090885402,54129179,1159327785,جمشيد مرادي,1,1405/03/28,1405/02/29,417070386234,4945387
1403/06/28,باز,3120090885129,21120991,4171573831,اصغر قراتكني,1,1405/03/28,1405/02/29,417070386234,33501
1403/06/28,باز,3120090845892,7041973,58482059,سعيد محمدي پور,1,1405/03/28,1405/02/29,417070386234,7473
1403/06/28,باز,3120090883381,39555048,3060724938,اميراسماعيل پوررضاقلي,1,1405/03/28,1405/02/29,417070386234,8093
1403/06/28,باز,3120090837747,27495793,3559311081,غلامحسين مانعي,1,1405/03/28,1405/02/29,417070386234,197411482
1403/06/28,باز,3120090898167,50867683,2112476009,يگانه شهركي,1,1405/03/28,1405/02/29,417070386234,22400
1403/06/28,باز,3120090838901,31742694,4889740651,هادي موحديان,1,1405/03/28,1405/02/29,417070386234,315516
1403/06/28,باز,3120090940378,20224488,4911114819,طيبه دره شيري,1,1405/03/28,1405/02/29,417070386234,0
1403/06/28,باز,3120090898534,5156701,4990098889,سيدمحمد خادم پور,1,1405/03/28,1405/02/29,417070386234,0
1403/06/28,باز,3120090897100,9876438,3341193812,جواد قنبري,1,1405/03/28,1405/02/29,417070386234,0
1403/06/28,باز,3120090927581,37925854,1080231692,مهرداد ميرزائي,1,1405/03/28,1405/02/29,417070386234,0
1403/06/28,باز,3120090941078,58303737,4433432490,مجتبي رضائيان زاده سخويد,1,1405/03/28,1405/02/29,417070386234,0
1403/06/28,باز,3120090932780,3614429,3610225076,يونس رخشاني,1,1405/03/28,1405/02/29,417070386234,0
1403/06/28,بسته,3120090835591,10345126,4569966454,صفيه زياري,1,1405/03/28,1405/02/29,417070386234,0
1403/06/28,باز,3120090940813,3847873,4449745061,علي طالعي اردكاني,1,1405/03/28,1405/02/29,417070386234,0
1403/06/28,باز,3120090941306,1426728,4432811439,سيد علي مير شمسي,1,1405/03/28,1405/02/29,417070386234,0
1403/06/28,باز,3120090845675,50623269,2291949136,ابراهيم طاهري,1,1405/03/28,1405/02/29,417070386234,0
1403/06/28,باز,3120090928368,425498,3040499017,اميرحسين محمدي عيش آبادي,1,1405/03/28,1405/02/29,417070386234,29372
1403/06/28,باز,3120090889088,14696957,2391654138,عبدالرسول حافظي,1,1405/03/28,1405/02/29,417070386234,0
1403/06/28,باز,3120090885631,2793715,946085714,مليحه اميردادي,1,1405/03/28,1405/02/29,417070386234,127941
1403/06/28,باز,3120090846816,22530203,520992326,محمدرضا تربتي,1,1405/03/28,1405/02/29,417070386234,0
1403/06/28,باز,3120090928549,29826883,1064073034,زهرا نجفي,1,1405/03/28,1405/02/29,417070386234,97296
1403/06/28,باز,3120090935703,58375992,890581851,علي شجاعي,1,1405/03/28,1405/02/29,417070386234,28458
1403/06/28,باز,3120090897144,47324603,5529746731,سيدابراهيم دهقان نيري,1,1405/03/28,1405/02/29,417070386234,0
1403/06/28,باز,3120090930658,19619054,1284157725,محسن رداني پور,1,1405/03/28,1405/02/29,417070386234,0
1403/06/28,باز,3120090882630,25053895,3934813631,مجيد علي حسيني,1,1405/03/28,1405/02/29,417070386234,57226
1403/06/28,باز,3120090884751,31889346,3090865424,شيرين باقري,1,1405/03/28,1405/02/29,417070386234,2796786
1403/06/28,باز,3120090846180,6212013,4285543893,محمدرضا رضائي,1,1405/03/28,1405/02/29,417070386234,0
1403/06/28,باز,3120090844294,21241292,2581285230,محمدجواد موقري,1,1405/03/28,1405/02/29,417070386234,0
1403/06/28,باز,3120090896231,5535751,4591339459,سعيد عرب اسدي,1,1405/03/28,1405/02/29,417070386234,27704
1403/06/28,باز,3120090934447,42603801,4171415624,زهره طالبي,1,1405/03/28,1405/02/29,417070386234,715447
1403/06/28,باز,3120090849246,52177083,4431618376,علي ابراهيمي,1,1405/03/28,1405/02/29,417070386234,0
1403/06/28,بسته,3120090890844,616572,2371183938,محمد عسكري,1,1405/03/28,1405/02/29,417070386234,0
1403/06/28,باز,3120090893274,11055784,702910589,علي اكبر جعفري زاوه,1,1405/03/28,1405/02/29,417070386234,5390859
1403/06/28,باز,3120090890491,31931106,3255880191,مريم بهادري هرسيني,1,1405/03/28,1405/02/29,417070386234,15287
1403/06/28,باز,3120090928538,57648337,6580146680,متين جعفري,1,1405/03/28,1405/02/29,417070386234,48949
1403/06/28,باز,3120090929805,38236080,77410815,محسن نبي زاده,1,1405/03/28,1405/02/29,417070386234,427361
1403/06/28,باز,3120090885372,14106086,1080231986,بهنام مؤمني,1,1405/03/28,1405/02/29,417070386234,82171
1403/06/28,باز,3120090842946,1966138,1287147712,مژگان يزدي,1,1405/03/28,1405/02/29,417070386234,0
1403/06/28,باز,3120090930467,25656071,5990113358,احسان جبا,1,1405/03/28,1405/02/29,417070386234,207134
1403/06/28,باز,3120090840052,31617235,3839788412,شيوا ساعد,1,1405/03/28,1405/02/29,417070386234,61409
1403/06/28,باز,3120090886223,32989822,3060220212,افسانه كرمي پورزارعي,1,1405/03/28,1405/02/29,417070386234,1104324877
1403/06/28,باز,3120090845344,57658703,4449730100,حميد قانعي اردكان,1,1405/03/28,1405/02/29,417070386234,192416251
1403/06/28,باز,3120090899069,47093269,4072362761,حامد عزيزي,1,1405/03/28,1405/02/29,417070386234,26466
1403/06/28,باز,3120090888332,2465270,910199681,مهديه حاجي زاده,1,1405/03/28,1405/02/29,417070386234,302356
1403/06/28,باز,3120090897553,19300676,4420053550,محمدحسين محسن زاده,1,1405/03/28,1405/02/29,417070386234,0
1403/06/28,باز,3120090898772,43833121,5560419591,بهنام اولادزادعباس آبادي,1,1405/03/28,1405/02/29,417070386234,0
1403/06/28,باز,3120090898967,32757458,1289031827,حميدرضا علي بابائي,1,1405/03/28,1405/02/29,417070386234,68123751
1403/06/28,باز,3120090836798,18511213,622298577,ابوذر انصاري,1,1405/03/28,1405/02/29,417070386234,629841
1403/06/28,باز,3120090837052,9744856,6810012877,امين لاچيني,1,1405/03/28,1405/02/29,417070386234,0
1403/06/28,باز,3120090841716,37880194,2080708678,علي رضا دماوندي,1,1405/03/28,1405/02/29,417070386234,0
1403/06/28,باز,3120090894879,49579237,6279861783,علي شاه بهرامي,1,1405/03/28,1405/02/29,417070386234,109616
1403/06/28,بسته,3120090883598,37934117,1741133831,ماجد سياحي,1,1405/03/28,1405/02/29,417070386234,0
1403/06/28,باز,3120090932180,18831758,1530221171,افتخار اسدي تركماني,1,1405/03/28,1405/02/29,417070386234,319440
1403/06/28,مسدودي بدهکار,3120090890660,49606376,4980063764,مهديه ادبي فيروزجاه,1,1405/03/28,1405/02/29,417070386234,72968
1403/06/28,باز,3120090896934,35676116,4489871309,محمدحسن مبيني شوركي,1,1405/03/28,1405/02/29,417070386234,0
1403/06/28,باز,3120090839434,47665584,4421200859,متين جعفري نعيمي,1,1405/03/28,1405/02/29,417070386234,0
1403/06/28,باز,3120090844728,10073665,6038544097,شهرام نژادعلي,1,1405/03/28,1405/02/29,417070386234,1308288
1403/06/28,باز,3120090839058,18524110,5389560884,علي كمري,1,1405/03/28,1405/02/29,417070386234,243716
1403/06/28,باز,3120090941214,16988704,4459959577,سيدمحمود حسيني گرمسيري,1,1405/03/28,1405/02/29,417070386234,0
1403/06/28,باز,3120090842799,36005276,6329964459,سيدحسين محمودي پناه,1,1405/03/28,1405/02/29,417070386234,0
